Wustrau	LOCATION
.	O
Da	O
liegen	O
wir	O
zwei	O
Beide	O
Bis	O
zum	O
Appell	O
im	O
Grab	O
.	O
Der	O
Ruppiner	LOCATION
See	LOCATION
,	O
der	O
genau	O
die	O
Form	O
eines	O
halben	O
Mondes	O
hat	O
,	O
scheidet	O
sich	O
seinen	O
Ufern	O
nach	O
in	O
zwei	O
sehr	O
verschiedene	O
Hälften	O
.	O
Die	O
nördliche	O
Hälfte	O
ist	O
sandig	O
und	O
unfruchtbar	O
,	O
und	O
,	O
die	O
hübsch	O
gelegenen	O
Städte	O
Alt	LOCATION
-	LOCATION
und	O
Neu	LOCATION
-	LOCATION
Ruppin	LOCATION
abgerechnet	O
,	O
ohne	O
allen	O
malerischen	O
Reiz	O
";"	O
die	O
Südhälfte	O
aber	O
ist	O
theils	O
angebaut	O
,	O
theils	O
bewaldet	O
und	O
seit	O
alten	O
Zeiten	O
her	O
von	O
vier	O
hübschen	O
Dörfern	O
ein	O
-	O
gefaßt	O
.	O
Das	O
eine	O
dieser	O
Dörfer	O
,	O
Treskow	LOCATION
geheißen	O
,	O
war	O
bis	O
vor	O
Kurzem	O
ein	O
altes	O
Kämmerei	O
-	O
Gut	O
der	O
Stadt	O
Ruppin	LOCATION
";"	O
die	O
drei	O
an	O
-	O
dern	O
sind	O
Rittergüter	O
.	O
Ihre	O
Namen	O
sind	O
:	O
Gnewkow	LOCATION
,	O
Carwe	LOCATION
und	O
Wustrau	LOCATION
.	O
Das	O
erstere	O
tritt	O
aus	O
dem	O
Schilf	O
-	O
und	O
Wald	O
-	O
Ufer	O
am	O
deutlichsten	O
hervor	O
und	O
ist	O
mit	O
seinem	O
Kirchthurm	O
und	O
Bauern	O
-	O
häusern	O
eine	O
besondere	O
Zierde	O
des	O
See	O
’s	O
.	O
Es	O
gehörte	O
seit	O
Jahr	O
-	O
hunderten	O
der	O
Familie	FAMILY
von	FAMILY
Woldeck	FAMILY
.	O
Jetzt	O
ist	O
es	O
in	O
andere	O
Hände	O
übergegangen	O
.	O
Der	O
letzte	O
v.	PERSON
Woldeck	PERSON
,	O
der	O
das	O
Erbe	O
seiner	O
Väter	O
inne	O
hatte	O
,	O
war	O
ein	O
Lebemann	O
und	O
passionirter	O
Tourist	O
.	O
Seine	O
Excentricitäten	O
hatten	O
ihn	O
in	O
der	O
Umgegend	O
zu	O
einer	O
volksthüm	O
-	O
lichen	O
Figur	O
gemacht	O
";"	O
er	O
hieß	O
kurzweg	O
„	O
der	O
Seebaron	O
.	O
“	O
Das	O
Wort	O
war	O
gut	O
gewählt	O
.	O
Er	O
hatte	O
mit	O
den	O
alten	O
„	O
Seekönigen	O
“	O
den	O
Wanderzug	O
und	O
die	O
Abenteuer	O
gemein	O
.	O
Carwe	LOCATION
gehört	O
den	O
Knesebeck	FAMILY
’s	FAMILY
";"	O
Wustrau	LOCATION
ist	O
berühmt	O
ge	O
-	O
worden	O
als	O
Wohnsitz	O
des	O
alten	O
Zieten	PERSON
.	O
Sein	O
Sohn	O
,	O
der	O
letzte	O
Zieten	PERSON
,	O
starb	O
hier	O
1854	TIME
in	O
hohem	O
Alter	O
.	O
1	O
*	O
[	O
4/0022	O
]	O
Wustrau	LOCATION
bestand	O
bis	O
zur	O
Mitte	O
des	O
vorigen	O
Jahrhunderts	O
aus	O
drei	O
Rittergütern	O
";"	O
nur	O
eines	O
derselben	O
gehörte	O
den	O
Zieten	FAMILY
,	O
die	O
beiden	O
andern	O
(	O
altes	O
Besitzthum	O
der	O
Familien	O
v.	FAMILY
Lohe	FAMILY
und	O
v.	FAMILY
Güh	FAMILY
-	FAMILY
len	FAMILY
)	O
dem	O
General	PERSON
-	PERSON
Feldmarschall	PERSON
von	PERSON
Dossow	PERSON
.	O
Wann	O
die	O
Zieten	FAMILY
in	O
den	O
(	O
theilweisen	O
)	O
Besitz	O
von	O
Wustrau	LOCATION
gelangten	O
,	O
ist	O
nicht	O
mehr	O
sicher	O
festzustellen	O
.	O
Eben	O
so	O
wenig	O
kennt	O
man	O
das	O
Stammgut	O
der	O
Familie	O
.	O
In	O
der	O
Mark	LOCATION
Brandenburg	LOCATION
befinden	O
sich	O
neun	O
Ortschaften	O
,	O
die	O
den	O
Namen	O
Zieten	FAMILY
,	O
wenn	O
auch	O
in	O
abweichender	O
Schreibart	O
,	O
führen	O
.	O
Als	O
die	FAMILY
Hohenzollern	FAMILY
ins	O
Land	O
kamen	O
,	O
lagen	O
die	O
meisten	O
Besitzungen	O
dieser	O
Familie	O
bereits	O
in	O
der	O
Grafschaft	LOCATION
Ruppin	LOCATION
.	O
Hans	PERSON
v.	PERSON
Zieten	PERSON
auf	O
Wildberg	LOCATION
(	O
damals	O
ein	O
fester	O
und	O
reicher	O
Burgflecken	O
)	O
war	O
geschworener	O
Rath	O
beim	O
letzten	O
Grafen	PERSON
von	PERSON
Ruppin	PERSON
,	O
und	O
begleitete	O
diesen	O
auf	O
den	O
Reichstag	O
zu	O
Worms	LOCATION
.	O
Die	O
Wildberger	O
Zieten	FAMILY
besaßen	O
Langen	LOCATION
und	O
Kränzlin	LOCATION
";"	O
andere	O
Zweige	O
der	O
Familie	O
hatten	O
Lögow	LOCATION
und	O
Buskow	LOCATION
inne	O
und	O
einen	O
Theil	O
von	O
Metzelthin	LOCATION
.	O
Die	FAMILY
Wustrauer	FAMILY
Zieten	FAMILY
,	O
scheint	O
es	O
,	O
waren	O
nicht	O
reich	O
";"	O
sie	O
litten	O
unter	O
den	O
Nachwehen	O
des	O
30jährigen	O
Krieges	O
und	O
der	O
Schwedenzeit	O
.	O
Der	O
Vater	O
Hans	PERSON
Joachim	PERSON
’s	O
lebte	O
noch	O
in	O
sehr	O
beschränkten	O
Verhältnissen	O
.	O
Erst	O
Hans	PERSON
Joachim	PERSON
selbst	O
verstand	O
sich	O
auf	O
Pflug	O
und	O
Wirthschaft	O
fast	O
so	O
gut	O
wie	O
auf	O
Krieg	O
und	O
Säbel	O
und	O
machte	O
1766	TIME
durch	O
Ankauf	O
der	O
beiden	O
Dossow	O
-	O
schen	O
Antheile	O
ganz	O
Wustrau	LOCATION
zu	O
einem	O
Zieten	FAMILY
’	O
schen	O
Besitzthum	O
.	O
Es	O
blieb	O
bei	O
seinem	O
Sohne	O
,	O
dem	O
letzten	O
Zieten	PERSON
,	O
bis	O
1854	TIME
.	O
Dieser	O
ernannte	O
in	O
seinem	O
Testamente	O
einen	O
Schwerin	FAMILY
zum	O
Erben	O
.	O
Daß	O
dieser	O
der	O
nächste	O
Verwandte	O
war	O
,	O
schien	O
weniger	O
den	O
Ausschlag	O
gegeben	O
zu	O
haben	O
,	O
als	O
die	O
Vorstellung	O
,	O
daß	O
nur	O
ein	O
Schwerin	FAMILY
würdig	O
sei	O
,	O
an	O
die	O
Stelle	O
eines	O
Zieten	FAMILY
zu	O
treten	O
.	O
Albert	PERSON
Julius	PERSON
v.	PERSON
Schwe	PERSON
-	PERSON
rin	PERSON
,	O
der	O
jetzige	O
Besitzer	O
von	O
Wustrau	LOCATION
,	O
wurde	O
1859	TIME
,	O
unter	O
dem	O
Namen	O
von	O
Zieten	FAMILY
-	FAMILY
Schwerin	FAMILY
,	O
in	O
den	O
Grafenstand	O
erhoben	O
.	O
Wustrau	LOCATION
liegt	O
an	O
der	O
Südspitze	O
des	O
See	O
’s	O
.	O
Der	O
Boden	O
ist	O
fruchtbar	O
und	O
wo	O
die	O
Fruchtbarkeit	O
aufhört	O
,	O
beginnt	O
das	O
Wu	LOCATION
-	LOCATION
strausche	LOCATION
Luch	LOCATION
,	O
eine	O
Torfgegend	O
,	O
die	O
an	O
Ergiebigkeit	O
mit	O
den	O
Linummer	LOCATION
Gräbereien	LOCATION
wetteifert	O
.	O
Das	O
eigentliche	O
Dorf	O
,	O
saubere	O
,	O
von	O
Wohlstand	O
zeugende	O
Bauerhäuser	O
,	O
liegt	O
etwas	O
zurückgezogen	O
vom	O
See	O
";"	O
zwischen	O
Dorf	O
und	O
See	O
breitet	O
sich	O
der	O
Park	O
aus	O
,	O
dessen	O
[	O
5/0023	O
]	O
Baumgruppen	O
das	O
etwas	O
hoch	O
gelegene	O
Herrenhaus	O
überragt	O
.	O
Dies	O
Schloß	O
oder	O
Herrenhaus	O
gleicht	O
auf	O
ein	O
Haar	O
den	O
adligen	O
Wohn	O
-	O
häusern	O
,	O
wie	O
sie	O
in	O
der	O
zweiten	TIME
Hälfte	TIME
des	TIME
vorigen	TIME
Jahrhunderts	TIME
in	O
Städten	O
und	O
Dörfern	O
hier	O
zu	O
Lande	O
gebaut	O
wurden	O
.	O
Unser	O
Pariser	LOCATION
Platz	LOCATION
zeigt	O
zu	O
beiden	O
Seiten	O
noch	O
ein	O
Paar	O
Musterstücke	O
dieser	O
Bauart	O
.	O
Zwei	O
Geschosse	O
(	O
Parterre	O
und	O
Bel	O
-	O
Etage	O
)	O
,	O
ein	O
hohes	O
Dach	O
,	O
ein	O
Blitzableiter	O
,	O
10	O
Fenster	O
Front	O
,	O
eine	O
Rampe	O
,	O
das	O
Ganze	O
gelb	O
angestrichen	O
und	O
ein	O
Wappen	O
oder	O
Namenszug	O
als	O
einziges	O
Ornament	O
.	O
So	O
ist	O
auch	O
das	O
alte	O
Herrenhaus	O
der	O
Zieten	FAMILY
";"	O
freilich	O
hat	O
es	O
eine	O
reizende	O
Lage	O
voraus	O
.	O
Vorder	O
-	O
und	O
Hinter	O
-	O
front	O
geben	O
gleich	O
anziehende	O
Bilder	O
.	O
Jene	O
gestattet	O
landeinwärts	O
einen	O
Blick	O
auf	O
Park	O
,	O
Dorf	O
,	O
Kirche	O
und	O
Kirchhof	O
,	O
ein	O
Ueberblick	O
,	O
der	O
um	O
so	O
vollständiger	O
ist	O
,	O
als	O
das	O
leis	O
ansteigende	O
Terrain	O
auch	O
das	O
Fernerliegende	O
dem	O
Auge	O
näher	O
rückt	O
.	O
Die	O
Hinterfront	O
hat	O
die	O
Aussicht	O
auf	O
den	O
See	O
.	O
Wir	O
kommen	O
in	O
einem	O
Boote	O
über	O
den	O
See	O
,	O
legen	O
an	O
einer	O
Wasserbrücke	O
an	O
und	O
springen	O
an	O
’s	O
Ufer	O
.	O
Ein	O
kurzer	O
Weg	O
,	O
an	O
Parkgrün	O
und	O
blühenden	O
Linden	O
vorbei	O
,	O
führt	O
uns	O
an	O
den	O
ge	O
-	O
wöhnlichen	O
Eingang	O
des	O
Hauses	O
.	O
Der	O
Flur	O
ist	O
durch	O
eine	O
Glas	O
-	O
thüren	O
-	O
Wand	O
in	O
zwei	O
Theile	O
getheilt	O
";"	O
die	O
eine	O
Hälfte	O
,	O
nach	O
dem	O
Dorf	O
hinaus	O
,	O
dient	O
als	O
eine	O
Art	O
Empfangshalle	O
und	O
ist	O
mit	O
Bil	O
-	O
dern	O
und	O
Stichen	O
behängt	O
,	O
darunter	O
der	O
bekannte	O
Kupferstich	O
Cho	PERSON
-	PERSON
dowiecki	PERSON
’s	O
:	O
Zieten	PERSON
sitzend	O
vor	O
seinem	O
König	O
.	O
Die	O
andere	O
Hälfte	O
dient	O
als	O
Treppenhaus	O
.	O
Wir	O
steigen	O
die	O
eichene	O
,	O
altmodisch	O
-	O
bequeme	O
Treppe	O
hinauf	O
und	O
treten	O
nun	O
in	O
die	O
nach	O
vornhin	O
gelegene	O
Zimmerreihe	O
ein	O
.	O
Es	O
sind	O
fünf	O
Räume	O
";"	O
in	O
der	O
Mitte	O
ein	O
großer	O
4	O
-	O
oder	O
5fenstriger	O
Saal	O
,	O
zu	O
beiden	O
Seiten	O
je	O
zwei	O
kleinere	O
Zim	O
-	O
mer	O
.	O
Die	O
kleineren	O
Zimmer	O
sind	O
durchaus	O
schmucklos	O
";"	O
über	O
den	O
Thüren	O
befinden	O
sich	O
Oelbilder	O
,	O
Copieen	O
nach	O
Niederländischen	O
Mei	O
-	O
stern	O
";"	O
das	O
ist	O
Alles	O
.	O
Das	O
Zimmer	O
,	O
rechts	O
vom	O
Saal	O
,	O
ist	O
das	O
Sterbezimmer	O
des	PERSON
letzten	PERSON
Zieten	PERSON
.	O
Der	O
historische	O
„	O
alte	PERSON
Zieten	PERSON
“	O
starb	O
in	O
Berlin	LOCATION
,	O
und	O
zwar	O
in	O
einem	O
jetzt	O
umgebauten	O
Hause	O
in	O
der	O
Kochstraße	LOCATION
,	O
das	O
dem	O
Friedrich	ORGANIZATION
-	ORGANIZATION
Wilhelms	ORGANIZATION
-	ORGANIZATION
Gymnasium	ORGANIZATION
schräg	O
[	O
6/0024	O
]	O
gegenüber	O
liegt	O
.	O
(	O
Auch	O
das	O
alte	O
stattliche	O
Haus	O
,	O
Wilhelmsstraße	LOCATION
9	LOCATION
,	O
galt	O
bei	O
seinen	O
früheren	O
Bewohnern	O
als	O
ein	O
Zietensches	O
Haus	O
.	O
)	O
Das	O
Zimmer	O
links	O
vom	O
Saal	O
heißt	O
das	O
Königs	O
-	O
Zimmer	O
,	O
seitdem	O
Friedrich	PERSON
Wilhelm	PERSON
IV.	PERSON
,	O
etwa	O
in	TIME
der	TIME
Mitte	TIME
der	TIME
40er	TIME
Jahre	TIME
,	O
die	O
Grafschaft	LOCATION
Ruppin	LOCATION
durchreiste	O
und	O
in	O
Wustrau	LOCATION
und	O
Koepernitz	LOCATION
,	O
wo	O
damals	O
noch	O
die	O
70jährige	O
Marquise	PERSON
La	PERSON
Roche	PERSON
Aymon	PERSON
lebte	O
,	O
einen	O
längeren	O
Besuch	O
machte	O
.	O
Der	O
große	O
Saal	O
ist	O
die	O
eigentliche	O
Sehenswürdigkeit	O
des	O
Hauses	O
.	O
Alles	O
erinnert	O
hier	O
an	O
den	O
Helden	O
,	O
der	O
diese	O
Stätte	O
be	O
-	O
rühmt	O
gemacht	O
hat	O
.	O
Eine	O
Kolossal	O
-	O
Vase	O
,	O
in	O
der	O
Mitte	O
des	O
Saals	O
,	O
zeigt	O
auf	O
ihrer	O
Rückseite	O
die	O
Abbildung	O
des	O
Zietendenkmals	O
auf	O
dem	O
Wilhelmsplatz	LOCATION
";"	O
rund	O
umher	O
aber	O
,	O
an	O
den	O
Wänden	O
entlang	O
,	O
gruppiren	O
sich	O
Portraits	O
und	O
Büsten	O
der	O
allermannigfachsten	O
Art	O
.	O
Unter	O
den	O
Skulpturen	O
bemerken	O
wir	O
zunächst	O
zwei	O
Büsten	O
des	O
„	O
alten	PERSON
Zieten	PERSON
“	O
selbst	O
.	O
Sie	O
stehen	O
in	O
Wand	O
-	O
Nischen	O
,	O
auf	O
hohen	O
Posta	O
-	O
menten	O
,	O
von	O
einfacher	O
aber	O
gefälliger	O
Form	O
.	O
Die	O
eine	O
Büste	O
,	O
ein	O
Gips	O
-	O
Modell	O
vom	O
berühmten	O
Bildhauer	O
Tassaert	PERSON
,	O
ist	O
ein	O
großes	O
Werthstück	O
,	O
durchaus	O
Portrait	O
,	O
das	O
,	O
noch	O
bei	O
Lebzeiten	O
des	O
alten	PERSON
Zieten	PERSON
,	O
nach	O
der	O
Natur	O
gefertigt	O
wurde	O
.	O
Die	O
andre	O
Büste	O
,	O
kaum	O
zehn	O
Jahre	O
alt	O
,	O
ist	O
nichts	O
wie	O
die	O
übrigens	O
sehr	O
gelungene	O
Aus	O
-	O
führung	O
des	O
Tassaert	PERSON
’	O
schen	O
Modells	O
in	O
Marmor	O
.	O
Die	O
Arbeit	O
dieses	O
alten	O
Meisters	O
ist	O
ganz	O
vortrefflich	O
,	O
und	O
kann	O
der	O
Schadow	PERSON
’	O
sche	O
„	O
alte	PERSON
Zieten	PERSON
“	O
,	O
den	O
wir	O
Alle	O
vom	O
Wilhelmsplatz	LOCATION
her	O
kennen	O
,	O
daneben	O
kaum	O
bestehen	O
.	O
Die	O
große	O
Lebenswahrheit	O
,	O
die	O
aus	O
der	O
Tassaert	PERSON
’	O
schen	O
Büste	O
spricht	O
,	O
drückt	O
,	O
wenn	O
ich	O
mich	O
des	O
Ausdruckes	O
bedienen	O
darf	O
,	O
den	O
Schadow	PERSON
’	O
schen	O
alten	PERSON
Zieten	PERSON
zu	O
einer	O
bloßen	O
Tendenz	O
-	O
Statue	O
herab	O
.	PERSON
Schadow	O
scheint	O
davon	O
ausgegangen	O
zu	O
sein	O
,	O
den	O
Husaren	O
quand	O
même	O
,	O
oder	O
das	O
Husarenthum	O
an	O
sich	O
,	O
darstellen	O
zu	O
wollen	O
";"	O
er	O
hat	O
dies	O
Letztere	O
,	O
wie	O
mir	O
scheint	O
,	O
als	O
eine	O
Idee	O
in	O
seinem	O
Kopfe	O
herumgetragen	O
und	O
diesem	O
idealen	O
Husarenthum	O
hinterher	O
Ausdruck	O
gegeben	O
.	O
Von	O
dem	O
Moment	O
ab	O
,	O
wo	O
man	O
den	O
wirklichen	O
alten	PERSON
Zieten	PERSON
(	O
den	O
Tassaert	PERSON
’	O
schen	O
)	O
gesehen	O
hat	O
,	O
wird	O
einem	O
das	O
mit	O
einem	O
Male	O
klar	O
.	O
Dies	O
übergeschlagene	O
Bein	O
,	O
diese	O
Hand	O
am	O
Kinn	O
,	O
als	O
solle	O
mal	O
wieder	O
ein	O
lustiger	O
Husarenstreich	O
ersonnen	O
und	O
ausge	O
-	O
[	O
7/0025	O
]	O
führt	O
werden	O
,	O
ist	O
ganz	O
im	O
Charakter	O
des	O
Husarenthums	O
,	O
aber	O
durch	O
-	O
aus	O
nicht	O
im	O
Charakter	O
Zieten	PERSON
’s	O
,	O
der	O
von	O
Jugend	O
auf	O
etwas	O
Ernstes	O
,	O
Nüchternes	O
und	O
durchaus	O
Schlichtes	O
hatte	O
.	O
Er	O
hatte	O
ein	O
verwegenes	O
Husaren	O
-	O
Herz	O
,	O
aber	O
die	O
Husaren	O
-	O
Manieren	O
,	O
wie	O
sie	O
im	O
Buche	O
stehen	O
,	O
waren	O
ihm	O
fremd	O
.	O
Ich	O
brauche	O
wohl	O
nicht	O
hinzuzufügen	O
,	O
daß	O
mit	O
allem	O
diesem	O
kein	O
besonderer	O
Tadel	O
gegen	O
den	O
Schadow	PERSON
’	O
schen	O
Zieten	PERSON
ausgesprochen	O
sein	O
soll	O
.	O
Die	O
Tassaert	PERSON
’	O
sche	O
Arbeit	O
steht	O
künstlerisch	O
auf	O
einer	O
höheren	O
Stufe	O
";"	O
die	O
Schadow	PERSON
’	O
sche	O
hat	O
aber	O
ihrerseits	O
gedanklich	O
große	O
Verdienste	O
,	O
so	O
große	O
,	O
daß	O
die	O
Mängel	O
beinahe	O
aufgewogen	O
werden	O
,	O
die	O
ihr	O
als	O
Portrait	O
-	O
Statue	O
unbedenklich	O
anhaften	O
.	O
Die	O
vielbetonte	O
realistische	O
Auf	O
-	O
fassung	O
dieser	O
Statue	O
ist	O
mehr	O
scheinbar	O
als	O
wirklich	O
.	O
Das	O
Postament	O
der	O
Modell	O
-	O
Büste	O
erweist	O
sich	O
,	O
bei	O
näherer	O
Betrachtung	O
,	O
als	O
ein	O
Schrein	O
von	O
weiß	O
-	O
lackirtem	O
Holz	O
";"	O
ein	O
Schlüs	O
-	O
selchen	O
öffnet	O
die	O
kaum	O
bemerkbare	O
Thür	O
desselben	O
.	O
In	O
diesem	O
ein	O
-	O
fachen	O
Schrein	O
befindet	O
sich	O
der	O
Säbel	O
des	O
alten	PERSON
Zieten	PERSON
,	O
nicht	O
jener	O
Türkische	O
,	O
den	O
ihm	O
Friedrich	PERSON
II	PERSON
.	O
nach	O
dem	O
zweiten	O
Schlesi	O
-	O
schen	O
Kriege	O
zum	O
Geschenk	O
machte	O
,	O
sondern	O
ein	O
gewöhnlicher	O
Preu	O
-	O
ßischer	O
Husaren	O
-	O
Säbel	O
,	O
wie	O
ihn	O
der	O
alte	O
Herr	O
während	O
des	O
7jährigen	O
Krieges	O
trug	O
.	O
Er	O
zog	O
ihn	O
während	O
der	O
ganzen	O
Campagne	O
nur	O
ein	O
Mal	O
,	O
und	O
dies	O
eine	O
Mal	O
zu	O
seiner	O
persönlichen	O
Verthei	O
-	O
digung	O
.	O
Am	O
Tage	O
vor	O
der	O
Schlacht	O
von	O
Torgau	O
,	O
also	O
am	O
2	TIME
.	TIME
No	TIME
-	TIME
vember	TIME
1760	TIME
,	O
als	O
er	O
in	O
Begleitung	O
einer	O
einzigen	O
Ordonnanz	O
recognosciren	O
ritt	O
,	O
sah	O
er	O
sich	O
plötzlich	O
von	O
sechs	O
Oesterreichischen	O
Husaren	O
umstellt	O
.	O
Er	O
hieb	O
sich	O
,	O
im	O
buchstäblichen	O
Sinne	O
,	O
durch	O
und	O
steckte	O
den	O
blutigen	O
Säbel	O
ruhig	O
wieder	O
in	O
die	O
Scheide	O
.	O
Er	O
sprach	O
nie	O
von	O
dieser	O
Affaire	O
.	O
Die	O
Blutflecke	O
,	O
ein	O
rothbrauner	O
Rost	O
,	O
sind	O
noch	O
deutlich	O
auf	O
der	O
Klinge	O
sichtbar	O
.	O
Kaum	O
minder	O
interessant	O
,	O
als	O
dieser	O
nur	O
einmal	O
gezogene	O
Helden	O
-	O
Säbel	O
,	O
sind	O
die	O
16	O
Lebensgroßen	O
Bildnisse	O
,	O
die	O
ringsum	O
die	O
Wände	O
bedecken	O
.	O
Es	O
sind	O
die	O
Portraits	O
von	O
16	O
Offizieren	O
des	O
Zieten	PERSON
’	O
schen	O
Regiments	O
,	O
alle	O
1749	TIME
,	O
1750	TIME
und	O
1751	TIME
gemalt	O
.	O
Die	O
Namen	O
der	O
Offiziere	O
sind	O
folgende	O
:	O
die	O
Rittmeister	O
Langen	PERSON
,	O
v.	PERSON
Teiffel	PERSON
,	O
v.	PERSON
Somogy	PERSON
,	O
Calau	PERSON
v.	PERSON
Hofen	PERSON
,	O
v.	PERSON
Horn	PERSON
,	O
v.	PERSON
Seel	PERSON
,	O
v.	PERSON
Wieck	PERSON
,	O
v.	PERSON
Probst	PERSON
,	O
[	O
8/0026	O
]	O
v.	PERSON
Jürgaß	PERSON
,	O
v.	PERSON
Bader	PERSON
";"	O
die	O
Lieutenants	O
v.	PERSON
Reitzenstein	PERSON
,	O
v.	PERSON
Heinecker	PERSON
,	O
v.	PERSON
Troschke	PERSON
,	O
und	O
die	O
Cornets	O
von	PERSON
Schmanowski	PERSON
,	O
Petri	PERSON
und	O
v.	PERSON
Mahlen	PERSON
.	O
Mit	O
Ausnahme	O
des	O
Letzteren	O
starben	O
sie	O
all	O
’	O
im	O
Felde	O
";"	O
v.	PERSON
Seel	PERSON
fiel	O
als	O
Oberst	O
bei	O
Hochkirch	LOCATION
,	O
v.	PERSON
Heinecker	PERSON
bei	O
Zorndorf	LOCATION
,	O
v.	PERSON
Jürgaß	PERSON
bei	O
Weiß	LOCATION
-	O
Costulitz	PERSON
,	O
v.	PERSON
Wieck	PERSON
starb	O
als	O
Com	O
-	O
mandant	O
v.	PERSON
Comorn	PERSON
in	O
Ungarn	LOCATION
";"	O
wie	O
er	O
dort	O
hinkam	O
—	O
unbe	O
-	O
kannt	O
.	O
Im	O
ersten	O
Augenblick	O
,	O
wenn	O
man	O
in	O
den	O
Saal	O
tritt	O
und	O
diese	O
16	O
Zieten	PERSON
’	O
schen	O
Rothröcke	O
mit	O
Schnauzbärten	O
und	O
Tigerfellen	O
auf	O
sich	O
herabblicken	O
sieht	O
,	O
wird	O
einem	O
etwas	O
unheimlich	O
zu	O
Muthe	O
.	O
Sie	O
sehen	O
zum	O
Theil	O
aus	O
,	O
als	O
seien	O
sie	O
mit	O
Blut	O
gemalt	O
,	O
und	O
der	O
Rittmeister	O
Langen	PERSON
,	O
der	O
vergebens	O
trachtet	O
,	O
seinen	O
Hasenscharten	O
-	O
Mund	O
durch	O
einen	O
zwei	O
Finger	O
breiten	O
Schnurrbart	O
zu	O
verbergen	O
,	O
zeigt	O
einem	O
zwei	O
weiße	O
Vorderzähne	O
,	O
als	O
wollt	O
’	O
er	O
einbeißen	O
";"	O
dazu	O
die	O
Tigerdecke	O
,	O
—	O
man	O
möchte	O
am	O
liebsten	O
umkehren	O
.	O
Hat	O
man	O
aber	O
erst	O
fünf	O
Minuten	O
ausgehalten	O
,	O
so	O
wird	O
einem	O
in	O
dieser	O
Ge	O
-	O
sellschaft	O
ganz	O
wohl	O
,	O
und	O
man	O
empfindet	O
alsbald	O
,	O
daß	O
eine	O
Ruben	PERSON
-	O
sche	O
Bärenhatz	O
oder	O
ähnliche	O
traditionelle	O
Saal	O
-	O
und	O
Hallen	O
-	O
Bilder	O
hier	O
viel	O
weniger	O
am	O
Platze	O
sein	O
würden	O
.	O
Die	O
alten	O
Schnurrwichse	O
fangen	O
an	O
,	O
einem	O
menschlich	O
näher	O
zu	O
treten	O
,	O
und	O
man	O
erkennt	O
schließlich	O
,	O
hinter	O
all	O
’	O
dem	O
Schreckensapparat	O
,	O
die	O
wohlbekannten	O
Märkisch	O
-	O
Pommerschen	O
Gesichter	O
,	O
die	O
nur	O
von	O
Dienst	O
wegen	O
das	O
Martialische	O
fast	O
bis	O
zum	O
Diabolischen	O
gesteigert	O
haben	O
.	O
Die	O
Bilder	O
,	O
zumeist	O
von	O
einem	O
unbekannten	O
Maler	O
,	O
Namens	O
Haebert	PERSON
,	O
herrüh	O
-	O
rend	O
,	O
sind	O
gut	O
erhalten	O
und	O
,	O
mit	O
Rücksicht	O
auf	O
die	O
Zeit	O
ihrer	O
Ent	O
-	O
stehung	O
,	O
nicht	O
schlecht	O
gemalt	O
:	O
das	O
Schöne	O
fehlt	O
noch	O
,	O
aber	O
das	O
Charakteristische	O
ist	O
da	O
.	O
Der	O
große	O
Saal	O
,	O
in	O
dem	O
diese	O
Bilder	O
,	O
neben	O
so	O
manchem	O
anderen	O
historischen	O
Hausrath	O
,	O
sich	O
vorfinden	O
,	O
nimmt	O
mit	O
Recht	O
un	O
-	O
ser	O
Hauptinteresse	O
in	O
Anspruch	O
,	O
aber	O
noch	O
vieles	O
bleibt	O
,	O
in	O
den	O
andern	O
Räumen	O
des	O
Hauses	O
,	O
unsrer	O
Aufmerksamkeit	O
übrig	O
.	O
Das	O
ganze	O
Schloß	O
gleicht	O
einer	O
Art	O
Zieten	PERSON
-	O
Gallerie	O
und	O
wenige	O
Zimmer	O
treffen	O
wir	O
(	O
ich	O
erwähnte	O
schon	O
der	O
Eintrittshalle	O
im	O
Erd	O
-	O
geschoß	O
und	O
ihres	O
Chodowiecki	PERSON
)	O
,	O
von	O
deren	O
Wänden	O
uns	O
nicht	O
,	O
sei	O
es	O
als	O
Kupferstich	O
oder	O
Oelbild	O
,	O
als	O
Büste	O
oder	O
Silhouette	O
,	O
das	O
[	O
9/0027	O
]	O
Bildniß	O
des	O
alten	O
Helden	O
grüßte	O
.	O
Alles	O
in	O
allem	O
gerechnet	O
,	O
befinden	O
sich	O
wohl	O
an	O
40	O
Zieten	PERSON
-	O
Portraits	O
im	O
Schloß	O
.	O
Viele	O
von	O
diesen	O
Bildnissen	O
,	O
besonders	O
die	O
Stiche	O
,	O
sind	O
allgemeiner	O
gekannte	O
Blätter	O
";"	O
nicht	O
so	O
die	O
Oelbilder	O
,	O
deren	O
wir	O
(	O
ohne	O
für	O
Vollständigkeit	O
zu	O
bür	O
-	O
gen	O
)	O
zunächst	O
acht	O
zählen	O
,	O
sieben	O
Portraits	O
und	O
das	O
achte	O
,	O
ein	O
Genrebild	O
aus	O
der	O
Sammlung	O
des	O
Markgrafen	O
Karl	PERSON
von	PERSON
Schwedt	PERSON
.	O
Es	O
stellt	O
möglicherweise	O
die	O
Scene	O
dar	O
(	O
vergl	O
.	O
Zietens	PERSON
Biographie	O
von	O
Frau	PERSON
von	PERSON
Blumenthal	PERSON
S.	O
56	O
)	O
,	O
wie	O
der	O
damalige	O
Major	O
von	PERSON
Zieten	PERSON
an	O
den	O
Oberstlieutenant	O
von	PERSON
Wurmb	PERSON
herantritt	O
,	O
um	O
die	O
Remontepferde	O
,	O
die	O
ihm	O
zukommen	O
,	O
für	O
seine	O
Schwadron	O
zu	O
for	O
-	O
dern	O
,	O
eine	O
Scene	O
,	O
die	O
bekanntlich	O
auf	O
der	O
Stelle	O
zu	O
einem	O
wüthen	O
-	O
den	O
Zweikampf	O
führte	O
.	O
Doch	O
ist	O
diese	O
Auslegung	O
nur	O
eine	O
muth	O
-	O
maßliche	O
,	O
da	O
die	O
ganze	O
Scenerie	O
des	O
Bildes	O
anders	O
ist	O
als	O
die	O
Lokalität	O
,	O
die	O
Frau	PERSON
von	PERSON
Blumenthal	PERSON
beschreibt	O
.	O
Die	O
sieben	O
Por	O
-	O
traits	O
,	O
mit	O
Ausnahme	O
eines	O
einzigen	O
,	O
sind	O
sämmtlich	O
Bilder	O
des	O
„	O
alten	PERSON
Zieten	PERSON
“	O
und	O
deshalb	O
,	O
trotz	O
einzelner	O
Abweichungen	O
in	O
Uni	O
-	O
form	O
und	O
Haltung	O
,	O
in	O
ihren	O
unterscheidenden	O
Merkmalen	O
schwer	O
zu	O
charakterisiren	O
.	O
Nur	O
das	O
älteste	O
Portrait	O
,	O
das	O
bis	O
ins	O
Jahr	O
1726	TIME
zurückgeht	O
und	O
den	O
„	O
alten	PERSON
Zieten	PERSON
,	O
“	O
den	O
wir	O
uns	O
ohne	O
Run	O
-	O
zeln	O
und	O
Husaren	O
-	O
Uniform	O
kaum	O
denken	O
können	O
,	O
als	O
einen	O
jungen	O
Offizier	O
bei	O
den	O
von	PERSON
Wuthenow	PERSON
’	O
schen	O
Dragonern	O
darstellt	O
,	O
zeichnet	O
sich	O
schon	O
dadurch	O
vor	O
allen	O
andern	O
Bildnissen	O
aus	O
.	O
Zieten	O
,	O
damals	O
27	O
Jahr	O
alt	O
,	O
trägt	O
einen	O
Stahlküraß	O
,	O
wie	O
es	O
scheint	O
,	O
und	O
über	O
demselben	O
eine	O
graue	O
Uniform	O
(	O
früher	O
vielleicht	O
weiß	O
)	O
mit	O
schmalen	O
blauen	O
Aufschlägen	O
.	O
Ob	O
das	O
Bild	O
ächt	O
ist	O
,	O
steht	O
dahin	O
";"	O
von	O
Aehn	O
-	O
lichkeit	O
mit	O
dem	O
„	O
alten	PERSON
Zieten	PERSON
“	O
natürlich	O
keine	O
Spur	O
.	O
Wir	O
verlassen	O
nun	O
den	O
Saal	O
und	O
das	O
Haus	O
,	O
passiren	O
die	O
andere	O
,	O
mehr	O
dem	O
Dorfe	O
zu	O
gelegene	O
Hälfte	O
des	O
Parkes	O
,	O
über	O
-	O
schreiten	O
die	O
hübsche	O
Dorfstraße	O
und	O
stehen	O
nun	O
auf	O
einem	O
geräu	O
-	O
migen	O
Rasenplatze	O
,	O
in	O
dessen	O
Mitte	O
sich	O
die	O
Dorfkirche	O
erhebt	O
.	O
Das	O
Chor	O
der	O
Kirche	O
liegt	O
dem	O
Herrenhause	O
,	O
der	O
Thurm	O
und	O
die	O
Giebel	O
-	O
seite	O
dem	O
Kirchhofe	O
zu	O
.	O
Zwischen	O
Thurm	O
und	O
Friedhof	O
steht	O
eine	O
mächtige	O
alte	O
Linde	O
.	O
Die	O
Kirche	O
selbst	O
,	O
in	O
Kreuzform	O
aufgeführt	O
,	O
ist	O
ein	O
Ideal	O
von	O
einer	O
Dorfkirche	O
:	O
schlicht	O
,	O
sauber	O
,	O
einladend	O
[	O
10/0028	O
]	O
hübsch	O
gelegen	O
.	O
Im	O
Sommer	TIME
1756	TIME
,	O
kurz	O
vorher	O
,	O
ehe	O
es	O
in	O
den	O
Krieg	O
ging	O
,	O
wurde	O
der	O
Thurm	O
vom	O
Blitz	O
getroffen	O
.	O
Das	O
Innere	O
der	O
Kirche	O
unterscheidet	O
sich	O
von	O
andern	O
Dorfkirchen	O
nur	O
durch	O
eine	O
ganz	O
besondere	O
Sauberkeit	O
und	O
durch	O
die	O
Geflissentlichkeit	O
,	O
womit	O
man	O
das	O
patriotische	O
Element	O
gehegt	O
und	O
gepflegt	O
hat	O
.	O
So	O
findet	O
man	O
nicht	O
nur	O
die	O
übliche	O
Gedenktafel	O
mit	O
den	O
Namen	O
derer	O
,	O
die	O
während	O
der	O
Befreiungskriege	O
fielen	O
,	O
sondern	O
zu	O
der	O
allgemeinen	O
Tafel	O
gesellen	O
sich	O
noch	O
ein	O
paar	O
Täfelchen	O
,	O
um	O
die	O
Sonder	O
-	O
verdienste	O
dieses	O
oder	O
jenes	O
zu	O
bezeichnen	O
.	O
Neben	O
dem	O
Altar	O
hängt	O
ein	O
Ebenholzkasten	O
mit	O
Glasdeckel	O
,	O
darin	O
sich	O
in	O
stattlicher	O
Reihe	O
die	O
Kriegsdenkmünzen	O
derer	O
befinden	O
,	O
die	O
ihren	O
vorangegangenen	O
Brüdern	O
von	O
1813	TIME
und	O
1814	TIME
nunmehr	O
gefolgt	O
sind	O
.	O
An	O
anderer	O
Stelle	O
gruppiren	O
sich	O
Gewehr	O
und	O
Büchse	O
,	O
Lanze	O
,	O
Säbel	O
,	O
Trom	O
-	O
mel	O
und	O
Flügelhorn	O
zu	O
einem	O
Kriegs	O
-	O
und	O
Siegeszeichen	O
.	O
Zwei	O
Denkmäler	O
zieren	O
die	O
Kirche	O
";"	O
das	O
eine	O
,	O
ohne	O
künstlerische	O
Bedeutung	O
,	O
zu	O
Ehren	O
der	O
ersten	O
Gemahlin	O
Hans	PERSON
Joachim	PERSON
’s	O
(	O
einer	O
geborenen	O
v.	FAMILY
Jürgaß	FAMILY
)	O
errichtet	O
,	O
das	O
andere	O
zu	O
Ehren	O
des	O
alten	PERSON
Zieten	PERSON
selbst	O
.	O
Dies	O
letztere	O
hat	O
gleichen	O
Anspruch	O
auf	O
Lob	O
wie	O
Tadel	O
.	O
Es	O
gleicht	O
in	O
seinen	O
Vorzügen	O
und	O
Schwächen	O
allen	O
andern	O
Arbeiten	O
des	O
rasch	O
-	O
fertigen	O
,	O
hyperproductiven	O
Rode	O
,	O
nach	O
dessen	O
Skizze	O
es	O
von	O
dem	O
Bildhauer	O
Meier	PERSON
ausgeführt	O
wurde	O
.	O
Wem	O
eine	O
tüchtige	O
Technik	O
genügt	O
,	O
der	O
wird	O
Grund	O
zur	O
Anerkennung	O
finden	O
";"	O
wer	O
eine	O
selb	O
-	O
ständige	O
Auffassung	O
,	O
ein	O
Abweichen	O
vom	O
Alltäglichen	O
fordert	O
,	O
wird	O
sich	O
nicht	O
befriedigt	O
fühlen	O
.	O
Ein	O
Sarkophag	O
und	O
ein	O
Relief	O
-	O
Portrait	O
,	O
eine	O
Minerva	PERSON
rechts	O
und	O
eine	O
Urania	PERSON
links	O
,	O
das	O
paßt	O
so	O
ziemlich	O
auf	O
jeden	O
.	O
Es	O
ist	O
das	O
jenes	O
gedanklich	O
-	O
bequeme	O
Operiren	O
mit	O
über	O
-	O
kommenen	O
Typen	O
,	O
worin	O
unsere	O
Bildhauer	O
das	O
Unglaubliche	O
leisten	O
.	O
Wenn	O
irgend	O
ein	O
Leben	O
,	O
so	O
hätte	O
gerade	O
das	O
des	O
alten	O
Zieten	O
die	O
beste	O
Gelegenheit	O
geboten	O
zu	O
etwas	O
Neuem	O
und	O
Eigenthümlichem	O
.	O
Der	O
Zieten	O
aus	O
dem	O
Busch	O
,	O
der	O
Mann	O
der	O
hundert	O
Anekdoten	O
,	O
die	O
all	O
’	O
im	O
Volksmund	O
leben	O
,	O
was	O
soll	O
er	O
mit	O
zwei	O
Göttinnen	O
thun	O
(	O
Einige	O
sagen	O
,	O
es	O
seien	O
symbolische	O
Figuren	O
für	O
Frömmigkeit	O
und	O
Tapferkeit	O
)	O
,	O
die	O
ihn	O
bei	O
Lebzeiten	O
in	O
die	O
sicherste	O
Verlegenheit	O
gebracht	O
hätten	O
.	O
Vortrefflich	O
ist	O
nur	O
das	O
Reliefportrait	O
in	O
weißem	O
[	O
11/0029	O
]	O
Marmor	O
,	O
das	O
sich	O
an	O
dem	O
dunkelfarbigen	O
Aschenkruge	O
des	O
Denk	O
-	O
mals	O
befindet	O
und	O
außer	O
einer	O
Silhouette	O
im	O
Schloß	O
selber	O
,	O
das	O
einzige	O
Bildniß	O
ist	O
,	O
das	O
uns	O
den	O
immer	O
en	O
face	O
abgebildeten	O
Kopf	O
des	O
Alten	O
,	O
auch	O
’	O
mal	O
in	O
seinen	O
Profillinien	O
zeigt	O
.	O
Daß	O
diese	O
Linien	O
nicht	O
schön	O
sind	O
,	O
thut	O
nichts	O
zur	O
Sache	O
.	O
Das	O
Marmor	O
-	O
Denkmal	O
des	O
alten	O
Helden	O
reicht	O
an	O
ihn	O
selber	O
nicht	O
heran	O
";"	O
es	O
entspricht	O
ihm	O
nicht	O
.	O
Da	O
lob	O
ich	O
mir	O
im	O
Gegensatz	O
dazu	O
das	O
schlichte	O
Grab	O
,	O
unter	O
dem	O
er	O
draußen	O
schläft	O
.	O
Das	O
Monument	O
,	O
das	O
ihn	O
ehren	O
soll	O
,	O
steht	O
wind	O
-	O
und	O
wetter	O
-	O
geborgen	O
drinnen	O
in	O
der	O
Kirche	O
,	O
der	O
Alte	O
selbst	O
aber	O
schläft	O
draußen	O
im	O
Freien	O
,	O
zugedeckt	O
mit	O
einem	O
schlichten	O
Sandstein	O
,	O
—	O
ein	O
letztes	O
Bivouac	O
,	O
wie	O
es	O
sich	O
für	O
den	O
alten	O
Zieten	O
geziemt	O
.	O
Dieser	O
Begräb	O
-	O
nißplatz	O
befindet	O
sich	O
in	O
einem	O
der	O
vier	O
Winkel	O
,	O
die	O
durch	O
die	O
Kreuzform	O
der	O
Kirche	O
gebildet	O
werden	O
.	O
Der	O
Raum	O
,	O
von	O
einem	O
rostigen	O
Eisengitter	O
eingefaßt	O
,	O
war	O
groß	O
genug	O
für	O
vier	O
Gräber	O
.	O
Hier	O
ruhen	O
die	O
beiden	O
Eltern	O
des	O
alten	O
Zieten	O
,	O
seine	O
zweite	O
Ge	O
-	O
mahlin	O
(	O
eine	O
geb	O
.	O
v.	FAMILY
Platen	FAMILY
)	O
und	O
er	O
selbst	O
.	O
Das	O
Aeußere	O
der	O
vier	O
Gräber	O
ist	O
wenig	O
von	O
einander	O
verschieden	O
.	O
Ein	O
Unterbau	O
von	O
Backstein	O
erhebt	O
sich	O
zwei	O
Fuß	O
hoch	O
über	O
den	O
Rasen	O
";"	O
auf	O
dem	O
Ziegel	O
-	O
Fundament	O
ruht	O
die	O
Sandsteinplatte	O
.	O
Noch	O
nichts	O
ist	O
ver	O
-	O
fallen	O
";"	O
auch	O
der	O
gegenwärtige	O
Besitzer	O
empfindet	O
,	O
daß	O
er	O
eine	O
histo	O
-	O
rische	O
Erbschaft	O
angetreten	O
hat	O
und	O
eifert	O
getreulich	O
dem	O
schönen	O
Vorbild	O
des	O
letzten	O
Zieten	O
nach	O
,	O
dessen	O
ganzes	O
Leben	O
eigentlich	O
nur	O
ein	O
Cultus	O
seines	O
berühmten	O
Vaters	O
war	O
.	O
1786	TIME
starb	O
Hans	PERSON
Joachim	PERSON
von	PERSON
Zieten	PERSON
";"	O
68	TIME
Jahre	TIME
später	TIME
folgte	O
ihm	O
sein	O
Sohn	O
,	O
achtundachtzig	O
Jahre	O
alt	O
.	O
Wir	O
treten	O
jetzt	O
an	O
sein	O
Grab	O
.	O
Es	O
befindet	O
sich	O
unter	O
der	O
schönen	O
alten	O
Linde	O
,	O
die	O
zwischen	O
der	O
Kirche	O
und	O
dem	O
leis	O
ansteigenden	O
Kirchhof	O
steht	O
.	O
Hinter	O
sich	O
die	O
langen	O
Gräberreihen	O
der	O
Bauern	O
und	O
Büdner	O
,	O
macht	O
dies	O
Grab	O
den	O
Eindruck	O
,	O
als	O
habe	O
der	PERSON
letzte	PERSON
Zieten	PERSON
noch	O
im	O
Tode	O
den	O
Platz	O
behaupten	O
wollen	O
,	O
der	O
ihm	O
gebührte	O
,	O
den	O
Platz	O
an	O
der	O
Front	O
seiner	O
Wustrauer	O
.	O
Aehnliche	O
Gedanken	O
beschäftigten	O
ihn	O
sicherlich	O
,	O
als	O
er	O
zehn	O
oder	O
zwölf	O
Jahre	O
vor	O
seinem	O
Tode	O
dies	O
Grab	O
zu	O
bauen	O
begann	O
.	O
Ein	O
Hünengrab	O
.	O
Der	O
letzte	O
Zieten	O
,	O
klein	O
[	O
12/0030	O
]	O
wie	O
er	O
war	O
,	O
verlangte	O
Raum	O
im	O
Tode	O
.	O
Er	O
baute	O
ein	O
Grab	O
nicht	O
für	O
sich	O
,	O
sondern	O
für	O
das	O
Geschlecht	O
,	O
das	O
mit	O
ihm	O
schlafen	O
ging	O
.	O
Mit	O
Vorliebe	O
entwarf	O
er	O
den	O
Plan	O
und	O
leitete	O
er	O
den	O
Bau	O
.	O
Eine	O
Gruft	O
wurde	O
gegraben	O
und	O
ausgemauert	O
und	O
nun	O
ein	O
Riesen	O
-	O
Feldstein	O
(	O
wie	O
sich	O
deren	O
viele	O
auf	O
der	O
Wustrauer	LOCATION
Feldmark	LOCATION
vor	O
-	O
finden	O
)	O
auf	O
das	O
offene	O
Grab	O
gelegt	O
.	O
Am	O
Fuß	O
-	O
Ende	O
war	O
die	O
Aus	O
-	O
mauerung	O
nur	O
halb	O
erfolgt	O
,	O
so	O
daß	O
nun	O
durch	O
Zuschrägung	O
und	O
Fortschaffung	O
des	O
Sandes	O
eine	O
Art	O
Kellerfenster	O
gewonnen	O
war	O
,	O
durch	O
das	O
der	O
alte	O
Herr	O
in	O
seine	O
letzte	O
Wohnung	O
hineinblicken	O
konnte	O
.	O
Mit	O
Hülfe	O
dieser	O
Zuschrägung	O
wurde	O
auch	O
später	O
der	O
Sarg	O
versenkt	O
.	O
Als	O
der	PERSON
König	PERSON
im	O
Jahre	O
1844	TIME
den	O
schon	O
oben	O
erwähnten	O
Besuch	O
in	O
Wustrau	LOCATION
machte	O
,	O
führte	O
ihn	O
der	PERSON
Graf	PERSON
natürlich	O
auch	O
an	O
die	O
Linde	O
,	O
um	O
ihm	O
das	O
eben	O
fertig	O
gewordene	O
Grab	O
zu	O
zeigen	O
.	O
Der	PERSON
König	PERSON
wies	O
auf	O
eine	O
Stelle	O
des	O
Riesenfeldsteins	O
und	O
sagte	O
:	O
„	O
Zieten	PERSON
,	O
der	O
Stein	O
hat	O
einen	O
Fehler	O
!	O
“	O
worauf	O
der	O
alte	O
Herr	O
erwiederte	O
:	O
„	O
Der	O
drunter	O
liegen	O
wird	O
,	O
hat	O
noch	O
mehr	O
.	O
“	O
Diese	O
Antwort	O
ist	O
so	O
ziemlich	O
das	O
Beste	O
,	O
was	O
vom	O
letzten	PERSON
Zieten	PERSON
auf	O
die	O
Nachwelt	O
gekommen	O
ist	O
.	O
Einzelne	O
andere	O
Repliken	O
und	O
Urtheile	O
(	O
z.	O
B.	O
über	O
die	O
Schadowsche	PERSON
Statue	O
,	O
so	O
wie	O
über	O
Bücher	O
und	O
Bilder	O
,	O
deren	O
Held	O
sein	O
Vater	O
war	O
)	O
sind	O
unbedeutend	O
,	O
oft	O
ungerecht	O
und	O
fast	O
immer	O
schief	O
.	O
Er	O
sah	O
die	O
Sachen	O
zu	O
ein	O
-	O
seitig	O
,	O
zu	O
sehr	O
von	O
dem	O
bloß	O
Zietenschen	O
Standpunkt	O
an	O
,	O
um	O
gerecht	O
sein	O
zu	O
können	O
,	O
selbst	O
wenn	O
ihm	O
ein	O
feinerer	O
ästhetischer	O
Sinn	O
wenigstens	O
die	O
Möglichkeit	O
gewährt	O
hätte	O
,	O
es	O
zu	O
sein	O
.	O
Dieser	O
ästhetische	O
Sinn	O
fehlte	O
ihm	O
aber	O
völlig	O
.	O
Selber	O
eine	O
Curiosität	O
,	O
hatte	O
er	O
es	O
über	O
die	O
Curiositäten	O
-	O
Krämerei	O
nie	O
hinausgebracht	O
.	O
Sein	O
Witz	O
und	O
Humor	O
verstiegen	O
sich	O
nur	O
bis	O
zur	O
Lust	O
an	O
der	O
Mystification	O
.	O
Den	O
Alterthumsforschern	O
einen	O
Streich	O
zu	O
spielen	O
,	O
war	O
ihm	O
ein	O
besonderer	O
Genuß	O
.	O
Er	O
ließ	O
von	O
eigens	O
engagirten	O
Steinmetzen	O
große	O
Feldsteine	O
concav	O
ausarbeiten	O
,	O
um	O
seine	O
Wustrauer	LOCATION
Feldmark	LOCATION
zu	O
einem	O
heidnischen	O
Begräbnißplatz	O
avan	O
-	O
ciren	O
zu	O
lassen	O
.	O
Am	O
See	O
-	O
Ufer	O
hing	O
er	O
in	O
einem	O
niedlichen	O
Glocken	O
-	O
häuschen	O
eine	O
irdene	O
Glocke	O
auf	O
,	O
der	O
er	O
zuvor	O
einen	O
Bronce	O
-	O
Anstrich	O
hatte	O
geben	O
lassen	O
.	O
Er	O
wußte	O
,	O
daß	O
die	O
vorüberfahrenden	O
Schiffer	O
sie	O
innerhalb	O
acht	O
Tagen	O
stehlen	O
würden	O
.	O
Er	O
hatte	O
sich	O
[	O
13/0031	O
]	O
nicht	O
verrechnet	O
und	O
fand	O
nach	O
drei	O
Tagen	O
schon	O
die	O
Scherben	O
.	O
Solche	O
Ueberlistungen	O
freuten	O
ihn	O
und	O
man	O
kann	O
zugeben	O
,	O
daß	O
darin	O
ein	O
Aederchen	O
von	O
der	O
Herz	O
-	O
Ader	O
seines	O
Vaters	O
sichtbar	O
war	O
.	O
Er	O
war	O
unfähig	O
,	O
zu	O
dem	O
Ruhme	O
seines	O
Hauses	O
auch	O
nur	O
ein	O
Kleinstes	O
hinzuzufügen	O
,	O
aber	O
er	O
fühlte	O
sich	O
als	O
Verwalter	O
dieses	O
Ruhmes	O
und	O
dieses	O
Gefühl	O
gab	O
ihm	O
unter	O
Umständen	O
Bedeutung	O
und	O
selbst	O
Würde	O
.	O
Wo	O
er	O
für	O
sich	O
und	O
seine	O
eigenste	O
Person	O
eintrat	O
,	O
in	O
den	O
privaten	O
Verhältnissen	O
des	O
alltäglichen	O
Lebens	O
,	O
war	O
er	O
eine	O
wenig	O
erfreuliche	O
Erscheinung	O
:	O
kleinlich	O
,	O
geizig	O
,	O
unschön	O
in	O
fast	O
jeder	O
Beziehung	O
.	O
Von	O
dem	O
Augenblick	O
an	O
aber	O
,	O
wo	O
die	O
Dinge	O
einen	O
Charakter	O
annahmen	O
,	O
daß	O
er	O
seine	O
Person	O
von	O
dem	O
Namen	O
Zieten	FAMILY
nicht	O
mehr	O
trennen	O
konnte	O
,	O
wurde	O
er	O
auf	O
kurz	O
oder	O
lang	O
ein	O
wirklicher	O
Zieten	FAMILY
.	O
Er	O
war	O
nicht	O
adlig	O
,	O
aber	O
aristokratisch	O
.	O
Dies	O
aristokratische	O
Fühlen	O
,	O
wenn	O
geglüht	O
in	O
leidenschaftlicher	O
Erregung	O
,	O
konnte	O
auf	O
Momente	O
den	O
Lichtblick	O
wahren	O
Adels	O
zeigen	O
,	O
wie	O
die	O
Kohle	O
,	O
in	O
rechter	O
Gluth	O
,	O
zum	O
Diamanten	O
wird	O
";"	O
aber	O
solche	O
Mo	O
-	O
mente	O
weist	O
sein	O
langes	O
Leben	O
nur	O
spärlich	O
auf	O
.	O
Sein	O
Bestes	O
war	O
die	O
Liebe	O
und	O
Verehrung	O
,	O
mit	O
der	O
er	O
ein	O
halbes	O
Jahrhundert	O
lang	O
die	O
Schleppe	O
seines	O
Vaters	O
trug	O
.	O
In	O
diesem	O
Dienste	O
verstieg	O
sich	O
sein	O
Herz	O
bis	O
zum	O
Poetischen	O
in	O
Gefühl	O
und	O
Ausdruck	O
.	O
Auf	O
dem	O
großen	O
Rasenplatz	O
,	O
der	O
die	O
Kirche	O
umgiebt	O
,	O
etwa	O
hundert	O
Schritte	O
vom	O
Grabe	O
Hans	O
Joachim	O
’s	O
entfernt	O
,	O
erhebt	O
sich	O
ein	O
hoher	O
,	O
zuge	O
-	O
spitzter	O
Feldstein	O
mit	O
einer	O
Eisenplatte	O
,	O
die	O
in	O
den	O
Stein	O
eingelegt	O
ist	O
.	O
Auf	O
dieser	O
Eisenplatte	O
stehen	O
in	O
Goldbuchstaben	O
folgende	O
Worte	O
:	O
Im	O
Jahre	O
1851	TIME
den	O
23	TIME
.	TIME
April	TIME
stand	O
an	O
dieser	O
Stelle	O
das	O
Blücher	PERSON
’	O
sche	O
Husaren	O
-	O
Regiment	O
,	O
um	O
den	O
hier	O
in	O
Gott	O
ruhenden	O
Helden	O
,	O
den	O
berühmten	O
General	O
der	O
Cavallerie	O
und	O
Ahnherrn	O
aller	O
Husaren	O
,	O
Hans	PERSON
Joachim	PERSON
von	PERSON
Zieten	PERSON
,	O
in	O
Anerkennung	O
seiner	O
hohen	O
Verdienste	O
durch	O
eine	O
feierliche	O
Parade	O
zu	O
ehren	O
.	O
Ruhe	O
und	O
Friede	O
seiner	O
Asche	O
!	O
Preis	O
und	O
Ehre	O
seinem	O
Namen	O
!	O
Er	O
war	O
und	O
bleibt	O
der	O
Preussen	O
Stolz	O
.	O
„	O
Ahnherr	O
aller	O
Husaren	O
“	O
—	O
ein	O
Poet	O
hätt	O
’	O
es	O
nicht	O
besser	O
machen	O
können	O
.	O
