Label; ID
Armand Arouet;1
Voltaire;2
Catherine Olympe Du Noyer;3
Jean Baptiste Rousseau;4
André Dacier;5
François Arouet;6
Louis Phélypeaux, marquis de La Vrillière;7
Philippe II, duc d'Orléans;8
Guillaume Amfrye de Chaulieu;9
François Courtin;10
Claude Cherrier;11
Salenne de Beauregard;12
Marc René de Voyer de Paulmy, marquis d'Argenson;13
M. — Bazin;14
Louis XV, king of France;15
Marie Dagobert Ysabeau;16
Louis Charles de Machault;17
Henry St John, 1st Viscount Bolingbroke;18
Claude Brossette;19
Louis François Le Fèvre de Caumartin, marquis de Boissy;20
Nicolas Anne Lefèvre de La Faluère;21
Nicolas Claude Thieriot;22
Claude Louis Hector de Villars, duc de Villars;23
[unknown];24
Louis Nicolas Le Tonnelier de Breteuil, baron de Preuilly;25
Pierre Robert Le Cornier de Cideville;26
Alexis Piron;27
Alexander Pope;28
René de Bonneval;29
Paul Desforges-Maillard;30
Marie Claire St John, Viscountess Bolingbroke;31
M. B. Beauchamp;32
Nicolas Théru;33
Pierre François Guyot Desfontaines;34
Mathieu Marais;35
Jean Frédéric Phélypeaux, comte de Maurepas;36
Cardinal André Hercule de Fleury;37
René Hérault;38
Jeanne Agnès Berthelot de Pléneuf, marquise de Prie;39
Horatio Walpole, 1st Baron Walpole of Wolterton;40
Charles Jean Baptiste Fleuriau, comte de Morville;41
François Granet;42
Nicéphore Symphorien Daumart;43
Nicolas Lenglet Du Fresnoy;44
François Marie de Broglie, comte de Broglie;45
— Labbé;46
Charles Mordaunt, 3rd earl of Peterborough;47
Sir Everard Fawkener;48
Mathurin Veyssière de La Croze;49
Jean Baptiste Nicolas Formont;50
— Tarade;51
Roberto José de La Cerda, conde de Villalonga;52
— Godard;53
Charles Antoine Leclerc de La Bruyère;54
Jacques Bernard Chauvelin;55
— Favières;56
Germain Louis Chauvelin;57
— Gourdon de Bacq;58
Michel Linant;59
Valentin Philippe Bertin de Rocheret;60
Louis Élisabeth de La Vergne, comte de Tressan;61
Jean Bouhier;62
Antonio Cocchi;63
Jacques François Paul Aldonce de Sade;64
Marie Thérèse Quénaudon;65
Aaron Hill;66
Gabrielle Émilie Le Tonnelier de Breteuil, marquise Du Châtelet-Lomont;67
Étienne La Font de Saint-Yenne;68
L.;69
— Lasséré;70
Anne Claude Philippe de Tubières-Grimoard de Pestels de Levis, comte de Caylus;71
John Hervey, 2nd Baron Hervey;72
Jean Jacques Bel;73
Guillaume François Joly de Fleury;74
Louis Sébastien Bernin de Valentiné, marquis d'Ussé;75
Louis Charles Bertin de Blagny;76
Jean Bernard Le Blanc;77
Élisabeth Sophie de Lorraine, duchesse de Richelieu;78
Pierre Arnaud de La Briffe, marquis de Ferrières;79
Michel Étienne David;80
— Vanneroux;81
Henri François Daguesseau;82
— Dubut;83
Jean Frédéric Flachsland;84
conte Francesco Algarotti;85
Antoine François Prévost d'Exiles;86
Frederick II, king of Prussia;87
Charles Marie de La Condamine;88
Jean Baptiste de Boyer, marquis d'Argens;89
Cardinal Giulio Alberoni;90
Simon Henri Dubuisson;91
— Duval;92
Claude Le Pelletier;93
René Joseph Tournemine;94
abbé — de La Marre;95
M. — de Bellemare [Pierre Quesnel];96
Francesco Scipione, marchese di Maffei;97
Henri Du Sauzet;98
Jean Joseph Languet de La Villeneuve de Gergy, archevêque de Sens;99
André Timothée d'Éon de Tissé;100
François Thomas Marie de Baculard d'Arnaud;101
John Lockman;102
Pierre Joseph Thoulier d'Olivet;103
— de Molin;104
Léopold Philippe Charles, prince d'Arenberg;105
Prosper Marchand;106
Sophia Friderika Wilhelmina von Preussen, margravine of Bayreuth;107
Jean Rousset de Missy;108
Willem Jacob 's Gravesande;109
— Medina;110
Jean Jacques Lefranc, marquis de Pompignan;111
Pierre Louis Moreau de Maupertuis;112
Anne Antoinette Françoise de Champbonin;113
Françoise Paule Huguet de Graffigny;114
Claude François Jore;115
Jean Baptiste Dubos;116
— Berger;117
Étienne Mignot de Montigny;118
Marie Louise Denis;119
R.;120
François Marie de Marsy;121
Jean Jacques Dortous de Mairan;122
— Demoulin;123
Henri Pitot;124
Étienne Fessard;125
— Montcarville;126
"Gabrielle Émilie Le Tonnelier de Breteuil, marquise Du
                  Châtelet-Lomont";127
Florent Claude Du Châtelet, marquis Du Châtelet-Lomont;128
Henri Gabriel Boutet de Montéry;129
Nicolas Charles Joseph Trublet;130
Laurent François Prault;131
Charles Porée;132
Joseph François Edouard de Corsembleu Desmahis;133
— Du Lyon;134
Marguerite Madeleine Du Moutier, marquise de Bernières;135
Graf Dietrich von Keyserlingk;136
Charles Irénée Castel, abbé de Saint-Pierre;137
Jean Jacques Amelot de Chaillou;138
Charles de Fieux, chevalier de Mouhy;139
Nicolas René Pageau;140
Léopold Desmarets;141
Baron Albrecht von Haller;142
M. — Saintard;143
Thémiseul de Saint-Hyacinthe;144
René Louis de Voyer de Paulmy, marquis d'Argenson;145
Charles Augustin Feriol, comte d'Argental;146
Jean Baptiste Simon Sauvé;147
Charles Guillaume Loys de Bochat;148
Jacques François Du Raget de Champbonin;149
Graf Ernst Christof von Manteuffel;150
Jean Du Castre d'Auvigny;151
Gabriel Jacques de Salignac, marquis de La Mothe-Fénelon;152
— de Palme;153
Claude Adrien Helvétius;154
James Jurin;155
Charles Étienne Jordan;156
Jacques André de Dupille, marquis de Saint-Séverin;157
Mathieu Henry Marchant de La Houlière;158
César de Missy;159
Jacques de Champflour;160
— Seguy;161
Pierre de Lannoy, comte de Lannoy;162
Étienne de Champflour;163
Andrew Michael Ramsay;164
Alexis Claude Clairaut;165
Jean Pierre de Crousaz;166
— Perrault;167
Étienne Ledet;168
Pierre Pajot;169
Claude Peletier;170
Claude Henri Feydeau, comte de Marville;171
Nicolas Fréret;172
Antoine Charles Du Tillet de Pannes;173
Jean François Du Bellay Du Resnel;174
Georges Louis Leclerc, comte de Buffon;175
— Charlier;176
Charles Jean François Hénault;177
Pierre Antoine de La Place;178
Philip Dormer Stanhope, 4th earl of Chesterfield;179
Jean Ignace de La Ville, évêque de Tricomie;180
Louisa Ulrica, queen of Sweden;181
Charlotte Philippina von Preussen, duchess of Brunswick-Wolfenbüttel;182
Louis François Armand Du Plessis, duc de Richelieu;183
Willem van Haren;184
— La Fontaine;185
François Joachim de Pierres, cardinal de Bernis;186
Pierre Mathias de Gourné;187
Louis Bernard de La Taste, évêque de Bethléem;188
Jean Louis de Berton Des Balbes de Crillon, archevêque de Narbonne;189
Luc de Clapiers, marquis de Vauvenargues;190
Agnan Philippe Miché de Rochebrune;191
Guy Louis Henri de Valory, marquis de Valory;192
Philibert Orry, comte de Vignory;193
Graf Otto Christoph von Podewils;194
Claude Alexandre de Bonneval, comte de Bonneval;195
Pierre François Tubeuf;196
Jean Poussot;197
— Martin;198
— de Frecinne;199
Antoine Augustin Bruzen de La Martinière;200
Philippe Néricault Destouches;201
Louis Mannory;202
chevalier d'Espinasse;203
Charles de Brosses, baron de Montfalcon;204
Jean Omer Joly de Fleury;205
Cardinal Girolamo Quirini;206
Jeanne Antoinette Le Normant d'Etioles, marquise de Pompadour;207
Cardinal Domenico Passionei;208
— Du Touchet;209
Jean Jacques Rousseau;210
— Popinet;211
Luigi Riccoboni;212
Colin Maclaurin;213
Adrien Maurice de Noailles, duc de Noailles;214
Benedict XIV;215
Jean Moreau de Séchelles;216
Rev. Claude François de Montboissier-Beaufort de Canillac;217
Antoine Louis de Chalamond de La Visclède;218
D.;219
François Philibert Louzeau;220
Marc Pierre de Voyer de Paulmy, comte d'Argenson;221
Société royale des sciences de Montpellier;222
marchese Andrea Alamanni;223
Abate Michel Giuseppe Morei;224
Pierre Charles Roy;225
Simon de La Tour;226
— Cossinio;227
Marc de Beauvau, prince de Beauvau-Craon;228
Carlo Alfonso Guadagni;229
— La Montaigne;230
Ruggiero Giuseppe Boscovich;231
Mme Claude Bienvenue;232
Vincenz Bernhard Tscharner;233
Louis Bollioud-Mermet;234
Jacques d'Advenel;235
Andrea Querini;236
Mme — Phélizot;237
Louis Antoine Travenol;238
Charles Joseph Darrot Du Cerisier, chevalier de L'Huillière;239
M. — Menou;240
F. Ortolani;241
Nicolas Louis Bourgeois;242
Jean Ricaud;243
Frans Arnold Adriaan Jan van Hoensbroeck, markies van Hoensbroeck;244
Marguerite Jeanne de Staal, baronne de Staal;245
— Salmon;246
Nicolas René Berryer de Ravenoville;247
Claude Bienvenu;248
Jean François de Saint-Lambert, marquis de Saint-Lambert;249
Jean François Marmontel;250
Joseph Uriot;251
Stanislas I, king of Poland;252
Marie de Fleming, marquise Du Châtelet;253
Pierre Jean Lecorvaisier;254
S. S. Razumovsky;255
— Bonin;256
— Vallant;257
Comédie française;258
Hilaire Rouillé, marquis Du Coudray;259
Jeanne Grâce Bosc Du Bouchet, comtesse d'Argental;260
Denis Diderot;261
François Parfaict;262
François Antoine Pierre Alliot;263
Claude Henri de Fuzée de Voisenon;264
Prosper Jolyot de Crébillon;265
Pierre Claude Nivelle de La Chaussée;266
Louis Phélypeaux, duc de La Vrillière;267
Louis Eugene von Württemberg, duke of Württemberg;268
Louis Philoxène Brulart, marquis de Puisieulx;269
Ponce Simon Tinois;270
Claude Étienne Darget;271
Alexandre d'Adhémar de Monteil de Brunier, comte de Marsanne;272
Élie Catherine Fréron;273
Richard Talbot, 1st earl of Tyrconnell;274
Andreas Bell;275
Graf Heinrich von Brühl;276
Matthew Maty;277
Marie Thérèse Geoffrin;278
Henri Louis Lekain;279
Richard Rolt;280
Jean Chambrier, baron de Chambrier;281
Anne Louise Bénédicte de Bourbon-Condé, duchesse Du Maine;282
Sir Charles Hanbury Williams;283
Christian Gottlieb von Hohmann, Graf von Hohenthal;284
Count Kyril Grigorievich Razumovsky;285
Augustin Louis Marie Texada, marquis de Ximénès;286
Charles Emmanuel de Crussol, duc d'Uzès;287
Michel Lambert;288
François de Chennevières;289
Freiherr Karl Ludwig von Pöllnitz;290
Graf Samuel von Cocceji;291
Baron Friedrich Wilhelm von Marschall;292
Charlotte Sophia van Aldenburg, countess of Bentinck;293
Louisa Dorothea von Meiningen, duchess of Saxe-Gotha;294
Laurent Angliviel de La Beaumelle;295
Antoine Achard;296
Charlotte Bourette;297
Charles Benjamin de Langes de Montmirail, baron de Lubières;298
Chrétien Guillaume de Lamoignon de Malesherbes;299
Gotthold Ephraim Lessing;300
Claude Nicolas Le Cat;301
Philip Stanhope;302
Cosimo Alessandro Collini;303
Jacques Emmanuel Roques de Maumont de La Rochefoucauld;304
Robert Scipio von Lentulus;305
François Dominique Barberie, marquis de Saint-Contest;306
Madeleine d'Arsant de Puisieux;307
— Le Baillif;308
Charles Bordes;309
Henri Philippe Chauvelin;310
Antoine Honneste de Monteil de Brunier, marquis d'Adhémar;311
Sébastien G. Longchamps;312
Graf Johann Hartwig Ernst von Bernstorff;313
Johanna Elisabeth von Schleswig-Holstein-Gottorp, princess of Anhalt-Zerbst;314
Gaspard Le Compasseur Créqui-Monfort, marquis de Courtivron;315
Jean Henri Samuel Formey;316
Jean Martin de Prades;317
François Augustin Paradis de Moncrif;318
Antonio de Portugal, conde de La Puebla;319
Gottfried Christian Freiesleben;320
Jean Le Rond d'Alembert;321
Greve Carl Fredrik Scheffer;322
Baron Reinhard von Gemmingen;323
Georges Lalance;324
Jean Louis Treitlinger;325
Jean de Türckheim;326
Charles Nicolas de La Touche;327
Jean Rigail;328
Antoine Vicaire;329
Joseph d'Hémery;330
M. — Chevalier;331
Conseil de Berne;332
Gottfried Adam Hochstetter;333
Charles Eugene von Württemberg, duke of Württemberg;334
Louise Adelgunde Gottsched;335
Graf Franz von Freytag;336
Johann Friedrich Schmidt;337
George Keith, 10th Earl Marischal;338
Dorothee Henriette von Runckel;339
Henry, prince of Prussia;340
Michael Gabriel von Fredersdorff;341
Franz Varrentrapp;342
Johann Carl von Fichard;343
Johann Peter Horn;344
Johann Jacob Difenbach;345
J. A. Dorn;346
D. Textor;347
Marie Élisabeth de Dompierre de Fontaine, marquise de Florian;348
Johann Christian Böhm;349
Johann Erasmus von Senckenberg;350
Graf Johann Baptist Anton von Pergen;351
Venerable council of Frankfurt am Main;352
Sébastien Dupont;353
Juliana Franziska von Buchwald;354
Johann Samuel König;355
Marc Michel Bousquet;356
Josef Friedrich Schoepflin;357
Charles Theodore von Sulzbach, Elector Palatine;358
Claude François Xavier Millot;359
Marc Duval;360
Germain Gilles Richard de Ruffey;361
Francois Louis Cizeron-Rival;362
Dom Augustin Fangé;363
Antoine Louis de Rouillé, comte de Jouy;364
Jean Louis Dupan;365
Étienne Chiron;366
Philibert Cramer;367
Jean Baptiste Rigondet de Rozet;368
Christophle de Laffrusse de Seynas;369
Joseph de Menoux;370
Jacob Vernet;371
Armand de Rohan, cardinal de Soubise;372
Gabriel Cramer;373
Claude Christophe Philibert;374
François Walther de Lutzelbourg, comte de Lutzelbourg;375
Jacques Abram Elie Daniel Clavel de Brenles;376
Marie Anne de Vichy-Chamrond, marquise Du Deffand;377
Johann Daniel Schoepflin;378
Augustin Calmet;379
Conseil de régence de Montbéliard;380
Jean Antoine Noé Polier de Bottens;381
Guillaume Claude de Laleu;382
François Tronchin;383
Jean Louis Labat, baron de Grandcour;384
Étienne Jean de Guimard des Rocheretz, baron de Montpéroux;385
Jean Robert Tronchin;386
Graf Johann Karl Philipp von Cobenzl;387
Claude Pierre Patu;388
Claude Philippe Fyot de La Marche;389
Pierre Alexandre Le Prieur;390
Académie française;391
Charles Saillant;392
Cyrille Le Petit;393
Jean Marie Bruyset;394
David Garrick;395
Beat Ludwig von May;396
Pieter de La Ruë;397
François Louis Allamand;398
Jean Jallabert;399
François Fegeli de Seedorff;400
Jean Jacques Mallet;401
Antonio Sambuca;402
Georges Louis Le Sage, fils;403
Beat Ludwig von Jenner;404
Élie Bertrand;405
Michel Guyot de Merville;406
Andreas Peter von Bernstorff;407
Jean François Crousaz de Prélaz;408
Charles Henry Chrétien Rosé;409
— Bregenzer;410
J. D. G. P.;411
Abraham Trembley;412
François Grasset;413
Joseph Foncet, baron de Montailleur;414
Bénédict André de Rodon;415
Ami Camp;416
Théodore Tronchin;417
M. — Vauger;418
Jean Élie Bertrand;419
Charles Manoël de Végobre;420
Suzanne Françoise Loys de Bochat;421
François Louis Jeanmaire;422
Jean Peschier;423
M. — Rousselet;424
M. — Richard;425
Firmin Abauzit;426
Charles Palissot de Montenoy;427
— Roger;428
Louis César de La Baume Le Blanc, duc de La Vallière;429
Gabriel de Seigneux, seigneur de Correvon;430
Étienne Louis Millet;431
— de Chargey;432
Giovanni Francesco Mauro Melchior Salvemini de Castiglione;433
Marie Françoise Dumesnil;434
James Barnewall;435
Jean Joseph Rossignol;436
Jean François Sellon;437
Louise Florence Pétronille La Live, marquise d'Épinay;438
Jean Baptiste François de La Michodière;439
Philibert Commerson;440
Count Ivan Ivanovich Shuvalov;441
James Francis Edward Keith;442
Fedor Pavlovich Veselovsky;443
Johann Rudolf Sinner;444
Pierre Louis d'Aquin de Château-Lyon;445
Samuel Auguste André David Tissot;446
Baron Heinrich Anton von Beckers;447
François Louis Defresnay;448
Alexis Jean Le Bret;449
— Söldner;450
Finguerlin & Stolzenberg;451
Fedor Dmitrievich Bekhteyev;452
Jean Louis Aubert;453
Baron Friedrich Melchior von Grimm;454
Isaac Budé;455
Jean François Joly de Fleury;456
Pierre Michel Hennin;457
Louise Elisabeth de Bourbon-Condé, princesse de Conti;458
Charles Louis Auguste Fouquet, duc de Belle-Isle;459
marchese Francesco Albergati Capacelli;460
Frederick William von Brandenburg, margrave of Bayreuth;461
Saverio Bettinelli;462
Louise Suzanne Gallatin;463
William Hewett;464
Philippe Antoine de Claris, marquis de Florian;465
Caroline Louise von Hessen-Darmstadt, margravine of Baden-Durlach;466
Maurice Pilavoine;467
Louis de Jaucourt;468
Pierre Guérin, cardinal de Tencin;469
Graf Hermann Karl von Keyserlingk;470
Jacques Pineau de Viennay, baron de Lucé;471
Jacques Abraham Durand d'Aubigny;472
Anne Marie Fiquet Du Boccage;473
Henri Escallier;474
T. Lysyeatt;475
Jean Pierre Le Resche;476
Charles Bonnet;477
Antoine Marin Lemierre;478
Marc Antoine René de Voyer de Paulmy, marquis d'Argenson;479
Antoine Valette de Traversac;480
Étienne François de Choiseul-Stainville, duc de Choiseul;481
Louis Gaspard Fabry;482
Louis François Prault;483
Jean Marie Bernard Clément;484
Friedrich Valentin Molter;485
Antoine Benoît de Girard de Propiac;486
Jean Pierre d'Açarq;487
David Duval;488
Hubert François Gravelot;489
Jean Augustin Grangé;490
Pierre Rousseau;491
Margaritha von May;492
Albrecht von Tscharner;493
Arthur Murphy;494
François de Bussy;495
Dominique Jacques Barberie, marquis de Courteille;496
Count Boris Mikhailovich Saltykov;497
Graf Ferdinand Bonaventura Anton von Harrach;498
Odet Joseph de Vaux de Giry, abbé de Saint-Cyr;499
Jacob Vernes;500
César Gabriel de Choiseul, duc de Praslin;501
Charles Bétems;502
Agostino Paradisi;503
Pierre Alexandre Lévesque de La Ravalière;504
Françoise Charlotte Constant de Rebecque;505
George Lyttelton, 1st Baron Lyttelton;506
Catherine de Chandieu;507
Ponce Denis Ecouchard Lebrun;508
Pierre Bruyset-Ponthus;509
M. — Moniseau;510
Étienne Bonnot de Condillac;511
Marie Françoise Corneille;512
François Blanquet de Rouville;513
Prince Aleksandr Romanovich Vorontsov;514
Filippo Pesolli;515
Alexandre Frédéric Jacques Masson, marquis de Pezay;516
Charles Georges Coqueley de Chaussepierre;517
Andrew Mitchell;518
François Rigollet;519
Count Aleksandr Gavrilovich Golovkin;520
François Georges Fouques Desfontaines;521
Jean Jacques de Chapeaurouge;522
Louis Paul Abeille;523
François Pierre Pictet;524
Joseph Nicolas Deschamps de Chaumont, évêque de Genève-Annecy;525
Girolamo Gastaldi;526
Gräfin Sabina von Bassewitz;527
François Fargès de Polizy;528
Giovanni Paolo Simone Bianchi;529
Reichsfürst Wenzel Anton von Kaunitz-Rietberg;530
Antoine Jean Gabriel Le Bault;531
Mlle — de Fargy de Saint-Dies;532
Count Andrei Petrovich Shuvalov;533
Daniel Charles de Trudaine;534
François Bouret d'Erigny;535
Michel Ange André Le Roux Deshauterayes;536
G. L. Deodati de Tovazzi;537
Joseph Fessy;538
Jean François Dufour de Villeneuve;539
— Malfin;540
Jean Charles Philibert Trudaine de Montigny;541
Hyacinthe de Pingon, comte de Sallenôves;542
Pierre Guy;543
Richard Phelps;544
Antonio Guazzesi;545
Antoine Jacques Roustan;546
Jean Louis Wagnière;547
Louis Jules Barbon Mancini-Mazarini, duc de Nivernais;548
Étienne Lauréault de Foncemagne;549
Jean Joseph de Laborde;550
Louis Joseph de Bourbon, prince de Condé;551
Étienne Michel Bouret;552
Anne Robert Jacques Turgot;553
Hans Stanley;554
Claude Henri Watelet;555
Everard Titon Du Tillet;556
William Pitt, 1st earl of Chatham;557
Henri Lambert d'Herbigny, marquis de Thibouville;558
Bernard Joseph de Thomassin, baron de Juilly;559
Jeanne Julie Éléonore de L'Espinasse;560
Bernard Joseph Saurin;561
Paul Claude Moultou;562
Jean François Corneille;563
Adrien Michel Hyacinthe Blin de Sainmore;564
Marie Louise Nicole Élisabeth de La Rochefoucauld, duchesse d'Anville;565
Gregorio Mayáns y Siscar;566
conte Vincenzo Massini;567
Joseph Du Fresne de Francheville;568
Pietro Godenti;569
conte Filippo Mazzuchelli;570
Jean Huber;571
René Charles Pitot de Launay;572
Antoine Ignace Fez;573
Balthazar Espeir de Chazel;574
Prince Dimitri Mikhailovich Galitzin;575
Honoré Armand Hector de Villars, duc de Villars;576
Louis René de Caradeuc de La Chalotais;577
Charles Pictet;578
Godefroy Charles Henri de La Tour d'Auvergne, duc de Bouillon;579
Louis Hamoche;580
Étienne Noël Damilaville;581
Joseph Vibert, baron de Massingy;582
Isaac de Pinto;583
Dominique Audibert;584
Carlo Goldoni;585
Jean Chrysostome de Larcher, comte de La Touraille;586
Jacques François Deluc;587
Christophe Picquet;588
— de Valbene;589
John Spencer, 1st Earl Spencer;590
Jean Philippe Fyot de La Marche;591
Jean Pierre Crommelin;592
Charles Joseph, prince de Ligne;593
Henry Temple, 2nd Viscount Palmerston;594
Charles Victor de Bonstetten;595
Louis Claude Le Clerc;596
Silvio Saverio Balbis;597
Giorgio di Polcenigo, conte di Fanna;598
Charles Pinot Duclos;599
Carlo Boglioli;600
Claire Josèphe Hippolyte Léris de Latude;601
Robert Brown;602
Anne Rose Calas;603
Elizabeth Sophia Frederica Wilhelmina von Brandenburg-Bayreuth, duchess of Württemberg;604
Charles Esaie Chandieu de Chabot;605
Sébastien Armand de Bruc, comte de Bruc;606
Catherine II, czarina of Russia;607
François Lacombe;608
Julien François Thibault Dubois;609
Jean Hellot;610
Guglielmo Power;611
Jean Baptiste Pigalle;612
Simon Gilly;613
Louis Charles Auguste Le Tonnelier de Breteuil, baron de Preuilly;614
Louise Honorée Françoise d'Aubonne;615
Angelo Pavesi;616
Edward Gibbon;617
Jean Georges Noverre;618
Henri Léonard Jean Baptiste Bertin;619
Marie François L'Huillier d'Orville de Marigny;620
Bernardo de Iriarte;621
Friedrich Samuel Alleman, count Montmartin;622
Louis Gabriel de Froulay;623
Antoine Adam;624
John Wilkes;625
Louis Mayeul Chaudon;626
Stanislas Jean de Boufflers;627
James Boswell;628
Jean François Gamonet;629
Baron Sylvester Josef von Hohenhausen;630
Melchiorre Cesarotti;631
Frederick II, landgrave of Hesse-Cassel;632
Louis René Edouard de Rohan-Guéménée, cardinal de Rohan;633
Louis Quarré de Quintin;634
Charles Joseph Panckoucke;635
David Louis Constant de Rebecque, seigneur d'Hermenches;636
Anne Louise Élie de Beaumont;637
Jean Sarasin;638
Jakob Heinrich Meister;639
Emmanuel Marie Louis de Noailles, marquis de Noailles;640
Antoine Raymond Jean Gualbert Gabriel de Sartine, comte d'Albi;641
John Morgan;642
Stanislas II, king of Poland;643
Benjamin Franklin;644
Charles Michel de Villette, marquis Du Plessis-Villette;645
Marc Michel Rey;646
Mme D. de Chamberlin;647
— Duchâtelet;648
Jean Lafosse;649
Fabre de Charrin;650
François Louis Claude Marin;651
Emmanuel Bernoulli;652
Countess Katerina Petrovna Shuvalova;653
Sir James Macdonald, 8th Baronet Macdonald of Sleat;654
Jean André Deluc;655
Angélique Constant de Rebecque, marquise de Langallerie;656
Louis de Durfort, duc de Lorges;657
Jean Benjamin de Laborde;658
Nicolas Suberbie-Cazalet;659
Pierre Lullin;660
Charles Du Molard-Bert;661
M. — Mallet de La Brossière;662
Ivan Ivanovich Betzky;663
P. A. Danzel;664
— Duteil;665
François Henri d'Ivernois;666
Aimé Henri Paulian;667
Alexandre Jacques Bessin;668
Pierre de Buisson, chevalier de Beauteville;669
Greve Gustaf Filip Creutz;670
Jean François de Murat;671
Pierre Laurent Buirette de Belloy;672
Étienne Maurice Falconet;673
Samuel Morris;674
Jean Baptiste Jacques Élie de Beaumont;675
K. Daniel;676
Claire Cramer;677
Joseph Alphonse Omer de Valbelle-Oraison, marquis de Tourves;678
Claude Amable François Robin de La Tremblaye;679
Dom Louis;680
Gabriel François Coyer;681
Bernard Louis Chauvelin;682
Jacques de Chazel;683
Henri Jean Baptiste Fabry de Moncault, comte d'Autrey;684
Claude Joully de Varenne;685
Pierre de Taulès;686
François Achard Joumard Tison, marquis d'Argence;687
Pierre Toussaint Masson;688
Samuel Sharpe;689
Emmanuel Félicité de Durfort, duc de Duras;690
Marie Pierre Prost de Grange-Blanche;691
Antoine Sabatier de Castres;692
Louis Benjamin Annet de Perry, marquis de Perry;693
Pierre Alexandre Du Peyrou;694
Abraham Freudenreich;695
Sébastien Roch Nicolas Chamfort;696
André Morellet;697
Hugues Maret;698
Jean Ribote-Charron;699
James Marriott;700
Claude Joseph Dorat;701
Paul Henri Thiry d'Holbach, baron d'Holbach;702
Gabriel Henri Gaillard;703
Michel Paul Guy de Chabanon;704
Georges Auzière;705
Jean Antoine Silvestre;706
chevalier de Ch.;707
Joseph Michel Antoine Servan;708
Anne François Duperrier-Dumouriez;709
Marie Anne Ramond;710
Marie Antoinette Duchesne;711
Charles William Ferdinand, prince of Brunswick-Wolfenbüttel;712
Bartholomew Henry Himeli;713
Charles Simon Favart;714
Caroline Henrietta Christiana von Zweibrücken, landgravine of Hesse-Darmstadt;715
Jacques Antoine Hippolyte de Guibert, comte de Guibert;716
Anne Madeleine Louise de La Tour Du Pin, baronne d'Argental;717
Antoine Laclaverie;718
Barthélemy Chirol;719
Fortunato Bartolomeo de Felice;720
Christophe Brounas;721
Johann Rudolf Frey;722
— Sauvage de Saint-Marc;723
János Fekete, count of Galànta;724
François Thomas Moreau de La Rochette;725
Jacques Auguste Rousseau;726
— Pioche;727
Claude de Loynes d'Autroche;728
Heinrich August Ottokar Reichard;729
George Keate;730
Matvei Matveevich von Ekk;731
Charles François Joseph Petitcuenot;732
Jean Gal;733
Simon Nicolas Henri Linguet;734
Jean François de La Harpe;735
Daniel Marc Antoine Chardon;736
Pierre Cassen;737
baron François de Tott;738
Jacques de Rochefort d'Ally;739
François Arthus Timoléon de Cossé, comte de Cossé;740
Rose Victoire de La Beaumelle;741
Louise Honorine Crozat Du Châtel, duchesse de Choiseul;742
Jean Baptiste Espérance de Laurencin de Chanzé, comte de Laurencin;743
Ch. Du C—;744
François Alexandre Gaubert Lavaysse;745
David Lavaysse;746
Louis Charles César Le Tellier, duc d'Estrées;747
François Gabriel Le Fournier, marquis de Wargemont;748
Abraham von Erlach von Riggisberg;749
Marie Anne Françoise Mouchard, comtesse de Beauharnais;750
Pierre Paul Sirven;751
François Marie Coger;752
Jacques Marie Bertrand Gaillard d'Etallonde;753
Louis Antoine de Gontaut Biron, duc de Lauzun;754
Gabriel Podoski, prince-archbishop of Poland and Lithuania;755
— Maigrot;756
Albrecht Friedrich von Erlach;757
Charles Nicolas Maillet Du Boullay;758
Anne Charles de Lorry;759
Paul François de Quélen-Stuer de Caussade, duc de Saint-Mégrin;760
Jean Louis Vincent Capperonnier de Gauffecourt;761
Charles de Rohan, prince de Soubise;762
Joseph Audra;763
Bernard Louis Verlac de La Bastide;764
René Nicolas Charles Augustin de Maupeou, marquis de Morangles;765
Louis de Noailles, duc de Noailles;766
André Lethinois;767
François de Varagne, marquis de Bélestat;768
— Meunier;769
Charles Léopold de Jaucourt, seigneur de Chazelles;770
baroness — von Braittwitz;771
Paul Rabaut;772
Marie Anne Henriette Payan de Lestang, marquise d'Antremont;773
Thomas Blanchard;774
François Joseph Meiner;775
Jeanne Louise Tronchin;776
Charles Léopold Duvernoy;777
Emmanuel Friedrich von Fischer;778
Jean Frédéric Herrenschwand;779
— Dantan;780
Jean Louis Delorme;781
Jean Pierre Biord, évêque de Genève-Annecy;782
Étienne de La Montagne;783
Antoine Fournier;784
Christoph Heinrich von Ammon;785
Vincent Louis Dutens;786
Jean Gabriel Montaudouin de La Touche;787
Anne Marguerite Feydeau;788
Horace Walpole, 4th earl of Orford;789
J. Rod;790
Marie Aurore de Saxe, comtesse de Horn;791
Joseph Marie Balleydier;792
Mme — Le Glaive Duclos;793
Jean Baptiste Milliet;794
Louis Joseph de Blet;795
Madur Du Lac;796
Alexandre Marie François de Paule de Dompierre d'Hornoy;797
— Laméry;798
Jean Charles Girod;799
— Du Gard d'Echichens;800
Joseph Vasselier;801
Pierre Gros;802
Pierre Jacques Claude Dupuits;803
Philippe de Noailles, duc de Mouchy;804
Anthelme Castin;805
Casimir Pignatelli, comte d'Egmont-Pignatelli;806
Charles Vincent Du Plaquet;807
Louis Antoine Sophie de Fronsac Vignerot Du Plessis;808
Simon Bigex;809
Élie Salomon Reverdil;810
Claude Joseph;811
Jean Signy;812
— Santis de Lagrange;813
Pierre Prime Félicien Le Tourneur;814
Jean Fontaine-Malherbe;815
Jean Antoine Nollet;816
Paul Foucher;817
Pierre Joseph André Roubaud;818
Pierre Firmin de La Croix;819
Pierre Samuel Du Pont de Nemours;820
Giovanni Marenzi;821
Sir James Rutlidge, 2nd baronet;822
L. H.;823
— de Grange;824
André Bandeuil, chevalier de Fautras;825
Société typographique de Neuchâtel;826
Frederick William II, king of Prussia;827
Marie Jean Antoine Nicolas de Caritat, marquis de Condorcet;828
Christian VII, king of Denmark;829
Judith de Saussure;830
Joseph Marie Durey de Morsan;831
Louis Desormeaux;832
Pierre Hugonet;833
Thomas Marie Royou;834
Louis de Laus de Boissy;835
Michel Philippe Bouvart;836
Frédéric Samuel Osterwald;837
Jean Baptiste Leroy;838
Giuseppe Pezzana;839
Louise Suzanne Necker;840
Aimé de Lamballe;841
Marc Antoine Louis Claret de La Tourrette;842
Sophie Jeanne Armande Élisabeth Septimanie de Vignerod Du Plessis, comtesse d'Egmont-Pignatelli;843
Philippe Antoine Gabriel Victor Charles de La Tour Du Pin, marquis de La Charce;844
Cardinal Jean Sifrein Maury;845
comte Nicolas Louis François de Neufchâteau;846
Trophime Gérard de Lally-Tolendal;847
— Courtial;848
conte Giovanni Maria Mazzuchelli;849
Charles Marguerite Jean Baptiste Mercier Dupaty;850
Charles Juste de Beauvau, prince de Beauvau-Craon;851
Emmanuel Armand de Vignerod Du Plessis de Richelieu, duc d'Aiguillon;852
Pierre Louis Sissous;853
Marthe Camp, vicomtesse de Bombelles;854
François Félix Nogaret;855
André Hyacinthe Sabatier;856
Antoine Joseph de Niquet;857
Joseph Marie Terray;858
conte Giuseppe Gorani;859
Gustavus III, king of Sweden;860
Louis Athanase Boniface Des Balbes de Berton de Crillon;861
Pierre Pomme;862
Pierre Étienne Bourgeois de Boynes;863
Joseph Balthasar Gibert;864
Princess Ekaterina Romanovna Dashkova;865
Jean Jacques Menuret de Chambaud;866
Antoine Jean Amelot de Chaillou, marquis de Combrande;867
Jean Clauseau;868
Amélie Suard;869
Maria Anna Louisa Jablonowska, princesse de Talmont;870
Augustus, prince of Saxe-Gotha;871
Friedrich III, Fürst zu Salm-Kyrburg;872
Ferdinando Galiani;873
Mlle — de Berisy;874
N. Caux de Cappeval;875
André François Robert Le Sueur;876
Jean François Bourgoing;877
Barbe Cochois, marquise d'Argens;878
Louis François de Monteynard, marquis de Monteynard;879
Jean François Veillon;880
Jacques Mallet Du Pan;881
— Molin de Laval;882
Jean Baptiste Claude Delisle de Sales;883
Jacques Vincent Delacroix;884
Dorothea Celesia;885
Charles Georges Le Roy;886
Basile Polianski;887
Théophile Imarigeon Duvernet;888
Sir William Chambers;889
Jacques Le Brigant;890
inhabitants of Ferney;891
Antoine Mouchon;892
Pierre Louis Moline;893
Jean Baptiste Nicolas de Lisle;894
— de Chaumareys;895
Jean Baptiste Pierre Bacon;896
Gottlob Louis von Schönberg, Reichsgraf von Schönberg;897
Sophie Durey de Verven;898
John Moore;899
Marie Jacques Amand Boïeldieu;900
Jean Marie Joseph Thomasseau de Cursay;901
Armand Charles Emmanuel d'Hautefort, comte d'Hautefort;902
Marie Jeanne Bécu, comtesse Du Barry;903
Claude Parfaict;904
Giuseppe Maria Galanti;905
Mme — Dumaisniel de Saveuse;906
Louise Bernade Joly, marquise de Florian;907
Adam Ferguson;908
Léonard Racle;909
Achille Pierre Dionis Du Séjour;910
Marchesa Viale;911
Pierre Lombard;912
Louis Jean Baptiste Gaillard de Framicourt;913
Joseph Cradock;914
— Troussel;915
Louis XVI, king of France;916
Claude Gallien de Salmorenc;917
Henri François de Paule Le Fèvre d'Ormesson;918
Guillaume Joseph Dupleix de Bacquencourt;919
Henri Alexandre de Catt;920
Jean Malcomésius;921
Dominique Vivant Denon;922
Felice Lioy;923
Girard, Michelet & Cie;924
Prince Aleksandr Mikhailovich Byeloselsky-Byelosersky;925
Michel de Cubières-Palmézeaux;926
Armand Thomas Hue de Miromesnil;927
Louis Bernard Guyton de Morveau;928
François Louis Antoine de Bourbon, comte de Busset;929
Jean Baptiste Joseph Damarzit de Sahuguet, baron d'Espagnac;930
Count Friedrich Leopold zu Stolberg;931
Simon Louis Pierre de Cubières, marquis de Cubières;932
Samuel Pechell;933
Jean Sylvain Bailly;934
Félix François Le Royer d'Artezet de La Sauvagère;935
Claude Revillon;936
François David Bollioud de Saint-Julien, baron d'Argental;937
François Collomb de Battine, seigneur de Copponex;938
François Thomas Germain;939
Lazzaro Spallanzani;940
Alexandre Marie Léonor de Saint-Mauris, prince de Montbarey;941
Aimé Delaroche;942
Désiré René de La Villéon;943
Jean de Vaines;944
— de Saint-Hubert;945
Nicolas Toussaint Le Moyne des Essarts;946
François Augustin Toussaint de Beaulieu de Barneville;947
Michel Bouvard de Fourqueux;948
Jérémie Witel;949
Jeremy Bentham;950
Jean Marie Arnoult;951
— Monnet;952
Mrs — Pechell;953
Henri Rieu;954
Ignace Frédéric de Mirbeck;955
Franz Thormann;956
Pierre Jean Bourcet de La Saigne;957
Jean Pierre Louis de La Roche Du Maine, marquis de Luchet;958
Louis Amable Deprez de Crassier;959
Jean Louis de Poilly;960
Catherine Josephte de Pougny de Guillet, baronne de Monthoux;961
Géraud de La Chau;962
Claude François Passerat de La Chapelle;963
Gilbert de La Forest, comte de La Forest-Divonne;964
Pierre François Boncerf;965
Charles Gravier, comte de Vergennes;966
Claude Charles de Brosses, comte de Tournay;967
Étienne Jules Gastebois Desnoyers;968
Jean Baptiste Antoine Suard;969
Sergei Gerasimovich Domashnev;970
Alexander Leslie, Lord Balgonie;971
Joseph François Gallier de Saint-Gérand;972
Claude Louis de Saint-Germain, comte de Saint-Germain;973
Elisabeth Marie Constance de Löwendahl, comtesse de Turpin de Crissé;974
comtesse de Vidampierre;975
Joseph Tardy;976
Mme — de Vismes;977
Jean François Desbruguières;978
— Cambry de Kansquer;979
Jean François Coste;980
Pierre André Gargas;981
Paul Henri Mallet;982
— Muriot;983
Charles Frédéric Gabriel Christin;984
Mme — Rémond d'Hacqueville;985
Guillaume François de Bure;986
George Hardinge;987
Louis Antoine de Caraccioli;988
Geoffroy de Limon, marquis de Limon;989
Octave Roffredi, comte de Saourge;990
Louis Gabriel Taboureau Des Réaux;991
Jean François René Tabareau;992
Benoît Louis Henriquez;993
Jean François Dufour, seigneur de Villevieille;994
Balthasar Georges Sage;995
Reine Philiberte Rouph de Varicourt;996
François Pierre Suzanne Brac;997
Georg Christoph Wächter;998
— Du Pin;999
Paul Philippe Gudin de La Brenellerie;1000
— Du Buit;1001
— Leroy de Saltonaille;1002
Col. — de Geoffre-Chabrignac;1003
— Varin;1004
Joseph Marie Borssat d'Hauterive;1005
Barthélémy Faujas de Saint-Fond;1006
Horace Bénédict de Saussure;1007
Jean Marie Roland, vicomte de La Platière;1008
abbé — Duminy;1009
François Jean de Beauvoir, marquis de Chastellux;1010
M. — de Jèze;1011
Giuseppe Marc'Antonio Baretti;1012
Pierre Louis Claude Gin;1013
Luigi Salvioni;1014
Mme Gallien Mallet;1015
J. C.;1016
Jacques Marie Boutet de Monvel;1017
Marie Jayet;1018
E. L. Ziegler;1019
Marie Joseph Blaise Chénier;1020
Louis Laurent Gaultier;1021
Christophe de Beaumont, archevêque de Paris;1022
Jacob Tronchin;1023
François Coindet;1024
— Beaupré;1025
Élisabeth Françoise Sophie de La Live de Bellegarde, comtesse d'Houdetot;1026
Jean Pierre de Claris, chevalier de Florian;1027
Jean Joseph Faydit de Tersac;1028
Claude Joseph Clos;1029
Antoine Yart;1030
Jean Paul André de Razins, marquis de Saint-Marc;1031
— Dumoustier de La Fond;1032
Jean Charles Pierre Le Noir;1033
Pierre Morand;1034
Edward Mason;1035
Françoise Baillif Du Pont;1036
— Boutet;1037
Charlotte Madeleine de Carvoisin d'Achy, marquise de Mimeure;1038
Jean Aymar de Nicolay, marquis de Goussainville;1039
Louis Antoine de Brancas, duc de Brancas-Villars;1040
Philippe, prince de Vendôme;1041
Jean François Lériget de La Faye;1042
Michel Celse Roger de Rabutin, comte de Bussy;1043
Charles Le Fournière de Bernaville;1044
Maximilien Henri de Béthune, duc de Sully;1045
Louis Racine;1046
Louis d'Aubusson, duc de La Feuillade;1047
John Ashburnham, 1st earl of Ashburnham;1048
Marie Angélique Guérin de Tencin, comtesse d'Argental;1049
Madeleine Charlotte Émilie Le Fèvre de Caumartin, marquise de Balleroy;1050
John Dalrymple, 2nd earl of Stair;1051
Jean François Marie de Fargès de Polisy;1052
Bernard Le Bovier de Fontenelle;1053
Jean François de Troy;1054
Charles Antoine Coypel;1055
Joseph Jean Baptiste Fleuriau, seigneur d'Armenonville;1056
Cardinal Guillaume Dubois;1057
Le Mercure;1058
Jeanne Angélique Roque de Varengeville, duchesse de Villars;1059
Jean Jahan;1060
Louis Henri de Bourbon, duc de Bourbon;1061
Eugène, prince de Savoie-Carignan;1062
Le Mercure de France;1063
Gilles Henri Maignard, marquis de Bernières;1064
Henrietta Howard, countess of Suffolk;1065
George I, king of Great Britain and Ireland;1066
Marie Anne de Bourbon, princesse de Conti;1067
Isaac Cambiague;1068
Augustin Nadal;1069
Nicolas Jean Baptiste Ravot d'Ombreval;1070
Mlle — Bessières;1071
Rolland Puchot, comte Des Alleurs;1072
René Jourdan de Launay;1073
George Bubb Dodington, Baron Melcombe;1074
Thomas Pelham-Holles, 1st duke of Newcastle upon Tyne;1075
Antonio Schinella Conti;1076
Jean Dumas d'Aigueberre;1077
Jonathan Swift;1078
Louis Antoine Leveux Du Noquet;1079
Jean René de Longueil, marquis de Maisons;1080
Richard Boyle, 3rd earl of Burlington;1081
Edward Harley, 2nd earl of Oxford;1082
Richard Towne;1083
Jean Pierre Coderc;1084
The Daily Post;1085
Pierre Desmaizeaux;1086
John Brinsden;1087
Allen Bathurst, 1st Earl Bathurst;1088
Charlotte Clayton, Lady Sundon;1089
Bertrand René Pallu;1090
Charles Douglas, 3rd duke of Queensberry;1091
Marie Anne Dangeville;1092
Jean Paul Bignon;1093
Les Mémoires pour l'histoire des sciences & des beaux arts;1094
Geoffroy Macé Camus de Pontcarré;1095
Le Nouvelliste du Parnasse;1096
Marie Louise Chrétienne de Castille Jeannin de Montjeu, princesse de Guise;1097
Charles Lennox, 2nd duke of Richmond;1098
Marie Madeleine de Lubert;1099
Nicolas Antoine Clément;1100
Andrew Pitt;1101
— La Préverie;1102
Charles d'Orléans de Rothelin;1103
M. — de Launay;1104
Carlo Rinuccini;1105
Anne Charlotte de Crussol-Florensac, duchesse d'Aiguillon;1106
Joseph de Seytres, marquis de Caumont;1107
Marguerite Thérèse Colbert de Croissy, duchesse de Saint-Pierre;1108
James Thomson;1109
Jean Philippe Rameau;1110
abbé S.;1111
Joseph David de Sade;1112
Charles François de Baynast, marquis de Septfontaines;1113
Henry Fox, 1st Baron Holland of Foxley;1114
Jean François Josse;1115
Jean Charlotte de Viart d'Attigneville, comtesse de La Neuville;1116
Louise Marie Madeleine Dupin;1117
Louis de Brancas de Forcalquier, marquis de Céreste;1118
Charles Frederick, duke of Holstein-Gottorp;1119
Giulio Franchini-Taviani;1120
Les Observations sur les écrits modernes;1121
Gilles Thomas Asselin;1122
Louis Bufile de Brancas;1123
Antoine de Feriol, comte de Pont-de-Veyle;1124
Maurice Quentin de La Tour;1125
Samuel Jacques Bernard, comte de Coubert;1126
Élisabeth Théodose Le Tonnelier de Breteuil;1127
— de Roncières;1128
Jeanne Françoise Quinault;1129
Germain Cassegrain Dubreuil;1130
La Bibliothèque française;1131
Bonaventure Moussinot;1132
Antoine de La Roque;1133
Jeanne Catherine Gaussin;1134
Étienne André Philippe de Prétot;1135
Suzanne Catherine Gravet de Corsembleu de Livry, marquise de Gouvernet;1136
Jean François Le Vayer;1137
Mme — Prault;1138
Maurice de Saxe, comte de Saxe;1139
La Gazette d'Amsterdam;1140
comtesse de Neuville;1141
Baron Carl Gustaf Cederhielm;1142
Claude Boucher;1143
Jacques Ferrand;1144
Alexandre Tannevot;1145
Mme Marie Françoise Demoulin;1146
Anne Marie Joseph de Lorraine, prince de Guise;1147
Jean Lévesque de Burigny;1148
Jean Paris de Montmartel;1149
Charles François Vigneron;1150
Johann Bernoulli;1151
François Antoine Devaux;1152
Pierre Brumoy;1153
— Cousin;1154
Le Pour et contre;1155
Borgnis Desbordes, Frères;1156
Charles François de Cisternay Du Fay;1157
— Bégon;1158
Martin Folkes [ffolkes];1159
Robert Smith;1160
Roberto Ignazio Solaro di Breglio;1161
Louis Jean Lévesque de Pouilly;1162
Louis d'Éon [possibly Louis d'Éon de Beaumont];1163
Antioch Cantemir;1164
Louis François Toussaint Du Raget de Champbonin;1165
Freiherr Christian von Wolff;1166
Ambroise Elisabeth Ravoisier;1167
Jean Baptiste François Durey de Mesnières;1168
Paul Heinrich Tilio von Camas;1169
Jean Baptiste Louis Gresset;1170
Pierre Joseph Bernard;1171
Jan van Duren;1172
Paul Frédéric Charles de Valori;1173
Graf Johann Matthias von Schulenburg;1174
Carl Gustaf Warmholz;1175
Jean Anne Vincent de Larlan de Kercadio, comte de Rochefort;1176
Elizabeth Christina, queen of Prussia;1177
Jean Marie François Du Parc, marquis de Locmaria;1178
Françoise Louise Le Peletier, marquise de La Mothe-Fénelon;1179
Pierre Charles Fabiot Aunillon;1180
Étienne Ledet & Cie;1181
François Didot;1182
Marie Jacques Barrois;1183
Le Journal des Savants;1184
Jöran Andersson Nordberg;1185
Louise Julie de Mailly-Nesle, comtesse de Mailly;1186
Claude Prosper Jolyot de Crébillon;1187
Jean François Boyer, évêque de Mirepoix;1188
Jean Néaulme;1189
Graf Friedrich Rudolf von Rothenburg;1190
Graf Heinrich von Podewils;1191
M. — Croze;1192
Sophia Dorothea, queen in Prussia;1193
Claude Dupin;1194
Laura Bassi;1195
Ludwig Martin Kahle;1196
Charles Catherine Loppin, baron de Gemeaux;1197
Abraham van Hoey;1198
chevalier de Laurès de Gignac;1199
Antoine Gaspard Grimod de La Reynière;1200
François Jacquier;1201
Académie de Lyon;1202
André Joseph Panckoucke;1203
Jean Louis d'Usson de Bonnac, comte d'Allion;1204
Marie Françoise Renée de Carbonnel de Canisy, comtesse de Forcalquier;1205
Jacques Anisson-Duperron;1206
Antonio Leprotti;1207
Mgr Gaspare Cerati;1208
Giovanni Borghesi;1209
Cardinal Henri Oswald de La Tour d'Auvergne;1210
M. — Moreau;1211
Georg Conrad Walther;1212
Nicolas d'Olivet;1213
Françoise Gabrielle Pauline Du Châtelet, duchessa di Montenero-Caraffa;1214
Sgr — Amman;1215
Pierre Joseph Alary;1216
Marie Magdeleine Angélique de La Brousse, comtesse de Verteillac;1217
Charles Élisabeth de La Vergée;1218
Accademia della Crusca;1219
Charles François Le Normant de Tournehem;1220
Gerhard Friedrich Müller;1221
M. — Rossignol;1222
Accademia etrusca di Cortona;1223
Philipp Joseph von Jariges;1224
Michel Antoine Ferrand de Méré;1225
Mme — Le Vaillant;1226
Johann Peter von Räsfeld;1227
Guillaume Thomas François Raynal;1228
Charles Hyacinthe Des Issarts, marquis de Gallean;1229
Louis Petit de Bachaumont;1230
Angelo Calogerà;1231
Diego Pereira, baron d'Aguilar;1232
Flaminio Scarselli;1233
Marie Leszczy?ska, queen of France;1234
Louis Marie Auguste de La Rochebaron, duc d'Aumont;1235
— Guénot;1236
— Mallard;1237
Agathe Truchis de La Grange;1238
Chambre syndicale de la Librairie;1239
Marie Florence Du Châtelet, comtesse de Montrevel;1240
Georges Vionnet;1241
Johann Bernoulli, II;1242
Marie Françoise Catherine de Beauvau-Craon, marquise de Boufflers-Remiencourt;1243
Jean Baptiste Machault d'Arnouville;1244
Pierre Charles François Porquet;1245
Louis Bay de Curys;1246
Marie Sophie de La Tour d'Auvergne, princesse de Beauvau-Craon;1247
Claude Sallier;1248
Joseph Paris Duverney;1249
Pierre de Morand;1250
Damien Desormes;1251
Pierre Paupie;1252
Graf Joseph Anton Gabaleon von Wackerbarth;1253
Abraham Hirschel;1254
chevalier de Gaya;1255
Académie royale d'Angers;1256
William Owen;1257
Marie Françoise de Maniban, marquise de Malause;1258
Baron Samuel von Marschall;1259
— Löper;1260
Pierre Hilaire Danès;1261
Julien Offray de La Mettrie;1262
Marie Charlotte Saladin;1263
— Richier;1264
Pierre Thiroux de Montregard;1265
Christlob Mylius;1266
Jacques Bagieu;1267
Pierre Gosse;1268
La Gazette de Cologne;1269
Maria Antonia Symphorosa, electress of Saxony;1270
Gérard Lévesque de Champeaux, vicomte de Verneuil;1271
Gerardus Nicolaas Heerkens;1272
Antonio Maria Vannucchi;1273
La Bibliothèque impartiale;1274
Graf Anton Corfiz von Ulfeld;1275
Daniel François Secousse;1276
La Bibliothèque raisonnée;1277
Anne of Orange, princess royal of Great Britain and Ireland;1278
Karl Gross;1279
Louis Anne de La Virotte;1280
Marie Ursule de Klinglin, comtesse de Lutzelbourg;1281
Marc René de Voyer d'Argenson, marquis de Voyer;1282
Count Gustav Adolf von Gotter;1283
Johann Christof Gottsched;1284
Georg Wilhelm Schweigger;1285
Johan Arckenholtz;1286
Ferdinand, prince of Prussia;1287
Diane de Mailly, duchesse de Villars-Brancas;1288
Gilles François de Beauvais;1289
Francis I, emperor of Austria;1290
Baroness Maria Anna Elisabeth von Hardenberg;1291
William VIII, landgrave of Hesse-Cassel;1292
Graf Friedrich August von Hardenberg;1293
— Sireuil;1294
David Hume;1295
— Chevalier;1296
Benoît Sinsart;1297
Niklaus Friedrich Steiger, baron de Montricher;1298
Suzanne Catherine Freudenreich;1299
Antoine Court de Gébelin;1300
Étiennette Clavel de Brenles;1301
Claude Germain Le Clerc de Montmerci;1302
La Gazette d'Utrecht;1303
Jean François Bruges;1304
Alexandre Jean Mignot, abbé de Seillières;1305
Joseph Nicolas Pancrace Royer;1306
Elisabeth Gallatin;1307
César Chesneau Dumarsais;1308
Pierre Gamond;1309
— Durand;1310
Louis de Boissy;1311
Jean Bénédict Rochmondet;1312
Pierre Pictet;1313
John Hawkesworth;1314
Jean Georges Guiger, baron de Prangins;1315
Marc Étienne de Ribaupierre;1316
— Chavan;1317
Augustin Théodore Vincent Lebeau de Schosne;1318
Pierre Louis Dumay;1319
Jean Trembley;1320
Le Journal helvétique;1321
Marie Anne Tronchin;1322
Jean Louis Chouet;1323
Lambert & Lemercier;1324
Jean Nicolas Douville;1325
syndic et adjoints de la Librairie de Paris;1326
François Fatio;1327
Conseil de Genève;1328
Louis Auguste Augustin d'Affry, comte d'Affry;1329
Alexis Maton;1330
César François de Saussure;1331
Adrien Cuyret de Margency;1332
Charlotte Pictet;1333
Antoine Claude Briasson;1334
Adélaïde Louise Pauline Hus;1335
Franz Christoph Scheyb;1336
Jean Blanchet;1337
Gabriel Amable Sénac de Meilhan;1338
Elisabeth Marie Bouquet;1339
Louise Menon;1340
Charles Antoine de Rault de Ramsault;1341
Jean Baptiste de La Curne de Sainte-Palaye;1342
P. D. Rouvière;1343
John Byng;1344
Isaac Pictet;1345
Jacques Honoré Moreau;1346
Louis Gérard;1347
Jean Baptiste Bourguignon d'Anville;1348
Antoine Saladin;1349
Isaac Le Fort;1350
Pierre Jean Grosley;1351
Elisabeth Anne Lordelot;1352
— Täscher;1353
Charles Étienne Pesselier;1354
— Durade de L'Aloi;1355
Gaetano Bettinelli;1356
Jean Robert Chouet;1357
— Légier;1358
Jean de Linant;1359
Béat Fidèle Antoine Jean Dominique de La Tour-Châtillon, baron de Zurlauben;1360
Abraham Gallatin;1361
Pierre Pictet de Sergy;1362
Horace Vasserot de Vincy;1363
Jean Nicolas Sébastien Allamand;1364
Henrique Marie Françoise Le Hayer Du Perron;1365
James Caulfeild, 1st earl of Charlemont;1366
Charles Bossut;1367
Daniel Pavillard;1368
Count Carl de Geer;1369
Jean Vasserot de Châteauvieux;1370
François de Pougny de Guillet, baron de Monthoux;1371
Guillaume Corboz;1372
Joseph Louis de Ponte, comte d'Albaret;1373
Nicolaus Pierron;1374
Jean Alphonse Rosset de Rochefort;1375
Jean Rodolphe d'Arnay;1376
Conseil royal des finances;1377
Auditeur de Saint-Jean;1378
Jean Perdriau;1379
department of finance of the Palatinate;1380
Octavie Durey de Mesnières;1381
François Jean Turrettini;1382
Le Journal encyclopédique;1383
Antoine Dulcis;1384
Graf Karl Joseph von Firmian;1385
Louis Salles;1386
Henri Joseph Philippe Ghislain de Fourneau, comte de Cruyckenbourg;1387
Marie Fel;1388
Charles François de Bicquilley;1389
Mme — de La Cour;1390
Mr — Smith;1391
François Marc Samuel Constant de Rebecque;1392
Françoise Marie Charlotte de Chandieu-Villars;1393
— Pinon Du Coudray;1394
Léonard de Sahuguet-Damarzit d'Espagnac;1395
Jean Baptiste Héron;1396
Jean Baptiste Sénac;1397
Giuseppe Pecis;1398
officials of Gex;1399
Piero Alessandro Ginori;1400
conte Luigi Lorenzi;1401
M. — Bordier;1402
Jacques Lacombe;1403
François de Lassalle-Cézeaux;1404
Antoine Chamberland;1405
Jean François de Bastide;1406
Pierre Michel Dubu de Longchamp;1407
Charles Guillaume Le Normant d'Etioles;1408
Robert D'Arcy, 4th earl of Holdernesse;1409
Jacques Pernetti;1410
Isaac Bardin;1411
Jeanne Marie Noblet;1412
François Duvergé de Saint-Etienne;1413
Jeanne Louise Caroline de Valory;1414
Guillaume de Lamoignon de Malesherbes;1415
chevalier de R...x;1416
Michel Lullin;1417
Claude Anne Bergeret;1418
Agnès Thérèse Chauvelin;1419
John Craufurd;1420
François Devosges;1421
Philibert Charles Marie Varenne de Fénille;1422
Jacques Duval d'Eprémesnil;1423
Jean Baptiste d'Albertas, marquis d'Albertas;1424
Bernard René Jourdan de Launay;1425
Camille Gallatin;1426
Simon Augustin Irailh;1427
Alexandre Jean Joseph Le Riche de La Popelinière;1428
Joseph de La Porte;1429
Consistoire de Genève;1430
abbé — Ancian;1431
— Imbert;1432
Louise Catherine de Malivert de Conflans de Pingon, comtesse de Sallenôves;1433
Jacques Delille;1434
Wilhelmina Maria von Hesse-Homburg, countess of Aldenburg;1435
Jacob Friedrich von Bielfeld;1436
Clement XIII;1437
John Stuart, 3rd earl of Bute;1438
Étienne de Lafargue;1439
— La Roncière;1440
Jacob Bouthillier de Beaumont;1441
Philippe Debrus;1442
Marie Charlotte Hippolyte de Campet de Saujon, comtesse de Boufflers;1443
Pierre Mariette;1444
Henri Cathala;1445
Jean Joseph Thérèse Roman;1446
Emmanuel Duvillard;1447
Joseph Augustin Prosper de La Motte-Geffrard;1448
Cesare Bonesana, marchese di Beccaria;1449
Aymard Charles François de Nicolay, marquis de Nicolay;1450
Charles Fitzjames, duc de Fitzjames;1451
Louis Thiroux de Crosne;1452
Antoine François Prost de Royer;1453
Marc Antoine Jean Baptiste Bordeaux de Belmont;1454
Jacob Favre;1455
Lorenzo Guazzesi;1456
George Simon Harcourt, earl of Harcourt;1457
Jeanne Marie Lavaysse;1458
Oekonomische Gesellschaft;1459
Charles Emmanuel de Bonstetten;1460
Antoine Légat de Furcy;1461
Friedrich von Mülinen;1462
Béatrix de Choiseul-Stainville, duchesse de Gramont;1463
La Bibliothèque des sciences et des beaux arts;1464
Fontana Zorzi;1465
conte — di Sarbeti;1466
Ponce Dehaye-Polet;1467
François Arnaud;1468
Dorothea Gibbon;1469
— de Bresle;1470
Louis Necker;1471
M. — Ladouz;1472
The Monthly Review;1473
Paul Vaillant;1474
La Gazette littéraire de l'Europe;1475
Antoine Malvin de Montazet, archevêque de Lyon;1476
Élisabeth Sophie Gilly, marquise de Jaucourt;1477
M. — Bazire;1478
Jean Auguste Desboulmiers;1479
Friedrich Wilhelm von Thulemeier;1480
Marie Jeanne Pajot de Vaux;1481
François Robert;1482
Arthur Hill-Trevor, 1st Viscount Dungannon;1483
Jean François de Chatillard de Montillet-Grenaud, archevêque d'Auch;1484
Pierre Augustin Caron de Beaumarchais;1485
Jacques Philippe Le Bas;1486
Marie Françoise Xavière de Lichtenstein, princesse de Ligne;1487
Antoine Maillet Du Clairon;1488
Claude Ignace Pajot de Vaux;1489
Louis Dupuy;1490
Anne Marie Dauphin, baronne de Verna;1491
Gabriel Grenier;1492
Countess Katarzyna Mniszech;1493
Henry Bouquet;1494
Nicolas Anselme Collenot;1495
Jacques Annibal Claret de La Tourrette de Fleurieu;1496
Jean Jacques Gilbert, marquis de Fraigne;1497
Madeleine Angélique de Neufville-Villeroy, duchesse de Luxembourg;1498
Jean Pierre Ramond;1499
Jean François Cailhava d'Estendoux;1500
Nicolas Bonaventure Duchesne;1501
Adam Smith;1502
Clément de Taffanel, marquis de La Jonquière;1503
Philippe Charles François Joseph de Pavée, marquis de Villevieille;1504
Camille Morellet;1505
François Rougeot;1506
Catherine Louise Cordier de Launay, marquise d'Azy;1507
Thomas de Prosses;1508
Pierre Charles de Plessis, marquis Du Plessis-Villette;1509
Samuel Powel;1510
Jean François Joseph de Toulongeon, comte de Champlitte;1511
Pierre Desinnocends;1512
Pierre Jean Baptiste Nougaret;1513
Jean Baptiste de Chiniac de La Bastide;1514
Gian Francesco Marengo;1515
— Germon;1516
Mme — de Trévénegat;1517
Pierre Laulanie de Sudrat;1518
Antoine Léonard Thomas;1519
Giuseppe Colpani;1520
— Gay de Noblac;1521
Gabriel Marie de Talleyrand, comte de Périgord;1522
François Louis Henri Leriche;1523
P. de Valigny;1524
André Guillaume Contant d'Orville;1525
Pierre Jabineau de La Voute;1526
James Grenville;1527
Dominique Louis Ethis de Corny;1528
Jean Baptiste Targe;1529
Louis François Tronchin;1530
François Nancey;1531
Georges Louis Liomin;1532
François Morénas;1533
Étienne Mignot;1534
Antoine Charles Esmangart de Bournonville;1535
Clément Charles François de Laverdy;1536
Antoine Jean Baptiste Robert Auget, baron de Montyon;1537
Johann Benedikt Roch;1538
Charles Georges Fenouillot de Falbaire de Quingey;1539
Olivier Des Monts;1540
Mr — Peacock;1541
Gui Jean Baptiste Target;1542
Louis Bruno de Boisgelin, marquis de Cucé;1543
Antoine Henri de Bérault-Bercastel;1544
postmaster of Riga;1545
Sigismond Christin Perrand;1546
Antoine Deparcieux;1547
Jean Baptiste Paulin Daguesseau de Fresnes, comte de Campans;1548
Louis Gaspard de Salles, marquis de Gudanes;1549
Ferdinand Desrivières;1550
Charles Eisen;1551
Gustav Friedrich Wilhelm Grossmann;1552
Gaspar Rogalinski;1553
Pierre Jean Jacques Guillaume Guyot;1554
Marie Madeleine Blouin Dubois;1555
Antoine Casimir Ethis de Novéan;1556
Nicolas Beauzée;1557
Henri Panckoucke;1558
Joseph Jérôme Le Français de Lalande;1559
Jeanne Françoise de Rochefort d'Ally, baronne de La Tour Saint-Vidal;1560
Gaspard Henry Schérer;1561
Pierre Jean Boudot;1562
J. P. Duroveray;1563
François de Caire;1564
H. Pacou;1565
George Colman;1566
Mégroz & Cie;1567
Pierre Joseph Laurent, marquis de Villedeuil;1568
Jacques Necker;1569
Nicolas Christiern de Thy, comte de Milly;1570
Mme Renée Bichon de Pommereul;1571
Rigsgreve Adam Lewenhaupt;1572
Antoine Bernard de Raimond, marquis de Modène;1573
Frédéric Charles Bouthenot;1574
Jean Baptiste Bureaux de Pusy;1575
Marie Marthe de La Harpe;1576
Gabriel Grasset;1577
Marie Justine Benoîte Favart;1578
L'Avant-coureur;1579
Jean Jacques Paulet;1580
Étienne Salomon Reybaz;1581
Jean Baptiste Tollot;1582
Marie Françoise Dupuits;1583
Cardinal Claude Antoine Clariard de Choiseul-Beaupré;1584
John Vansommer;1585
— Dantoine;1586
Marguerite Pictet;1587
Jean Jacques Clavière;1588
Jean Isaac Boissier;1589
Charles Alexandre Guillaumot;1590
Jean Paul Rabaut de Saint-Etienne;1591
Françoise Marie Rosette Vestris;1592
Jean Louis Sales;1593
Louise Bernarde Berthier de Sauvigny;1594
Prince Dimitri Alexeievich Galitzin;1595
conte Alessandro Carli;1596
Jean Louis Grenus;1597
Pierre Joseph François Luneau de Boisjermain;1598
Augustus Henry Fitzroy, 3rd duke of Grafton;1599
— Genep;1600
Charles Michel Toussaint d'Aigrefeuille;1601
Mme — Dupuy;1602
Aleksandr Petrovich Sumarokov;1603
Théodore Sudre;1604
Hans Carl Heinrich von Trautschen;1605
Gaspard Joly;1606
abbé — Regley;1607
Michel Jean Sedaine;1608
François Samuel Mandrot;1609
Claude Carloman de Rulhière;1610
— Josserand;1611
Jean Jacques Bachelier;1612
Pierre Castan;1613
Aymard Jean de Nicolay, marquis de Goussainville;1614
Nicolas Gabriel Le Clerc;1615
M. — Derrey de Roqueville;1616
Hubert Robert;1617
Jeanne Louise de Rochefort d'Ally;1618
Antoine Darquier de Pellepoix;1619
Marie Elisabeth de Caire;1620
Marie Françoise de Laborde Desmartres;1621
Jean François Antoine Astruc;1622
Jean Gabriel Amable Alexandre de Riquet, baron de Bonrepos;1623
Charles Henri Hector d'Estaing, comte d'Estaing;1624
M. — Houreau;1625
Frères van Duren;1626
Jean Jacques Bonnet;1627
— Grail;1628
Pierre Paul d'Ossun, marquis d'Ossun;1629
conte Bonomo Algarotti;1630
Gabriel Claude Palteau de Veymerange;1631
Jean Baptiste Louis Georges Séroux d'Agincourt;1632
comte de Say;1633
Louis Philipon de La Madelaine;1634
Charles Marc Antoine Jardin;1635
chevalier de Montfort;1636
William Robertson;1637
Marie Anne Deprez de Crassier;1638
William Jones;1639
Susanna Maria Bardin-Haller;1640
Gabriel Rigot;1641
André Jacques Baraban;1642
Donatien Alphonse François de Sade, marquis de Sade;1643
French ambassadors;1644
Antoine Bernard Caillard;1645
George Gray;1646
Joseph Gaspard Dubois-Fontanelle;1647
Louis Jean Desprez;1648
Samuel Fauche;1649
Louise Sophie de Dompierre d'Hornoy;1650
Rigaud & Cie;1651
Francis Fawkes;1652
— L'Esprit;1653
Bénigne Legouz de Gerland;1654
Gosse Junior & D. Pinet;1655
Claude Bourgelat;1656
baron — de Brakes;1657
John Baskerville;1658
Anne Duvoisin;1659
Pedro Pablo Abarca y Bolea, conde de Aranda;1660
Claude Perret;1661
Mathieu Pierre de La Ponce de Venon;1662
Jacques François de Menou;1663
Graf Albert Joseph von Hoditz;1664
Charles Jacques Le Clerc de Fresne, seigneur de La Verpillère;1665
Louise Julie de Boisgelin, marquise de Cucé;1666
François Emmanuel Guignard, comte de Saint-Priest;1667
— de Marcy;1668
Louise Marie Hyacinthe Fabry;1669
Philippe François Marchant de Varennes;1670
Denis Pierre Jean Papillon, duc de La Ferté;1671
Francis Hastings, 10th earl of Huntingdon;1672
Antoine Étienne Mille;1673
Louis Jean Baptiste Berthier de Sauvigny;1674
Jean Pierre Boy de La Tour;1675
Jean François Charles de Molette, comte de Morangiés;1676
Antoine Caire-Morand;1677
Jean Pierre Bérenger;1678
Jean Janin de Combe-Blanche;1679
— Descévole;1680
Isabelle de Charrière;1681
Dominique Gabard de Vaux;1682
Pierre Henri Seignette;1683
— Chiezin;1684
François Marie Vermeil;1685
Jacques André Naigeon;1686
Claude Jean Rigoley, baron d'Ogny;1687
Edme Béguillet;1688
Amable Emilie Le Tellier de Souvré, comtesse de Saint-Hérem;1689
Pierre Mouchon;1690
Louis Henri Bourdelin;1691
— Desbans;1692
comte de Jounouviel;1693
Charles Louis Ducrest;1694
Charles Joseph Dumaisniel de Belleval;1695
Joachim Gagnière;1696
Louis Félix Guinement, chevalier de Keralio;1697
conte Francesco Malvezzi;1698
Antonio Valli;1699
Françoise Marie Antoinette Josèphe Saucerotte;1700
Jean Michel Hennin;1701
Alexandre Jacques Du Coudray;1702
Jacques François Valade;1703
André Sandherr;1704
Jean Jacques François Marin Boisard;1705
W. Preston;1706
Andrew Stuart;1707
Charles Louis Aubry;1708
Sir William Hamilton;1709
Marin Étienne Rouph de Varicourt;1710
François Jean Villemain d'Abancourt;1711
Giovanni de Gamerra;1712
René François Chauvin Doigny Du Ponceau;1713
Jean Nicolas Jouin, chevalier de Sauseuil;1714
Johannes von Müller;1715
Mme — Joly;1716
Charles André de La Corée;1717
François Marie Bruno d'Agay, comte de Mutigney;1718
Augustin Millon-Dailly;1719
Étienne Gaspard Perrault de Bruel;1720
Bernhard Wilhelm Goltz;1721
Jean Antoine Lépine;1722
conte Tommaso Medini;1723
— de Raimond;1724
Augustin de Candolle;1725
André Charles Cailleau;1726
Pierre Fulcrand de Rosset;1727
Étienne Luzac;1728
Isaac Iselin;1729
P. J. Franck;1730
Philip Stanhope, 5th earl of Chesterfield;1731
conte Paolo Emilio Campi;1732
Marie François de Paule Le Fèvre, marquis d'Ormesson;1733
Jean Rodolphe Perronet;1734
M. — Mézière;1735
Louis Alexandre de La Rochefoucauld, duc de La Rochefoucauld;1736
Georges David Rossel;1737
Count Nikolai Petrovich Rumyantsev;1738
Catherine de La Verpillère;1739
Jean Pierre Costard;1740
Jean François Arsène Faivre d'Arcier;1741
abbé Jean Baptiste Vitrac;1742
Charles François Lubersac de Livron;1743
Louis Guillaume de La Follie;1744
abbé — Belloney;1745
Baron Jean Jacques de Goll;1746
Ange Elisabeth Louis Antoine Bonnier d'Alco;1747
Jean Bernard;1748
Nicolas Baudeau;1749
Antoine Auguste Parmentier;1750
Alexander Carlyle of Inveresk;1751
Henry Bathurst, 2nd Earl Bathurst;1752
Philippe Guéneau de Montbeillard;1753
C. N. Dodin;1754
Claude François Berthelot;1755
La Bibliothèque universelle des romans;1756
Henrietta zu Stolberg, countess von Bernstorff;1757
George Carter;1758
Mlle — Curton de Farges;1759
Julie Pictet;1760
Jules David Cromot Du Bourg;1761
Elizabeth Montagu;1762
— Guichard;1763
Jean Étienne Bernard de Clugny, baron de Nuits-sur-Armançon;1764
Pietro Antonio Zaguri;1765
Friedrich Karl Ludwig Manuel;1766
Pierre Augustin Guys;1767
Le Journal de Paris;1768
Paolo Vergani;1769
M. — Lagros;1770
François Marie Poncet;1771
Gosse & Fils;1772
Hyacinthe Pierrette de Brosses, marquise de Fargès;1773
Lavergne Frères;1774
David Leslie, 6th earl of Leven;1775
— Coindé;1776
Louis Henri Pascal de Saint-Félix, baron de Faugères;1777
Adrien Joseph Havé;1778
farmers-general;1779
Pierre Laujon;1780
Guillaume Joseph Hyacinthe Jean Baptiste Le Gentil de La Galaisière;1781
Domenico Boccolari;1782
Adélaïde de Nar…;1783
Jean Nicolas Démeunier;1784
Adélaïde Félicité Henriette Guinot de Montconseil, princesse d'Hénin;1785
Jean Baptiste Dutertre;1786
Frédéric Henri Richard de Ruffey;1787
François Martin Poultier d'Elmotte;1788
Étienne Pasquier;1789
David Williams;1790
Nicolas François de Prunay, chevalier de Lemps;1791
François Isaac Joumard Tison d'Argence;1792
Jean Bretin;1793
Louis Le Peletier de Morfontaine, marquis de Montmélian;1794
Rose Bénédicte d'Alesso, comtesse d'Ennery;1795
Jacques Joseph Marie Decroix;1796
Louis Guillaume René Cordier de Launay de Valery;1797
Graf Maximilian Josef von Lamberg;1798
Pierre François Alexandre Lefèvre;1799
Nicolas Quirot de Poligny;1800
Pierre Bergognié;1801
Robert Martin Lesuire;1802
Romain de Sèze [Raymond];1803
Louis Messance;1804
Nicolas Joseph Sélis;1805
Charles Geneviève Louis Auguste André Timothée d'Éon de Beaumont, chevalier d'Éon;1806
Pietrantonio Petrini;1807
Pierre Louis Du Bus Préville;1808
Pierre Ignace Roubaud de Tresséol;1809
Heinrich Christian Boie;1810
Elisabeth Du Botignon Du Deffand, comtesse de Blot;1811
Barthélémy Pélage Georgelin Du Cosquer;1812
Nicolas Bricaire de La Dixmerie;1813
François René Molé;1814
Pierre Claudine Hélène Molé;1815
Elisabeth Josèphe Binet, baronne de Marchais;1816
— Wreiden;1817
Rose Françoise Suzanne Wagnière;1818
Mlle — de Florian;1819
Mlle — Dionis Du Séjour;1820
Elisabeth Santi Lomaca Chénier;1821
Jacques Pierre Brissot de Warville;1822
Thomas Joachim Hébert;1823
Gabriel Charles de L'Attaignant;1824
Jean François Thérèse Chalgrin;1825
